Event Index,UTC Timestamp,UTC Date and Time,Local Timestamp,Local Timezone,Local Date and Time,Experiment ID,Experiment Version,Tree Node Key,Repeat Key,Schedule ID,Participant Public ID,Participant Private ID,Participant Starting Group,Participant Status,Participant Completion Code,Participant External Session ID,Participant Device Type,Participant Device,Participant OS,Participant Browser,Participant Monitor Size,Participant Viewport Size,Checkpoint,Room ID,Room Order,Task Name,Task Version,branch-dg7x,branch-1j1y,branch-78ow,branch-dh4q,Randomise questionnaire elements?,Question Key,Response
1,1716200577638,20/05/2024 10:22:57,1716200580489,3,20/05/2024 13:23:00,142922,38,questionnaire-hkve,,37743514,BLIND,11118127,,complete,,,computer,Desktop or Laptop,Windows 10,Chrome 124.0.0.0,1536x864,1536x730,,,,consent to war.Q,6,ACpass,accepted,agreed,condagree,No,BEGIN QUESTIONNAIRE,
2,1716200580309,20/05/2024 10:23:00,1716200582898,3,20/05/2024 13:23:02,142922,38,questionnaire-hkve,,37743514,BLIND,11118127,,complete,,,computer,Desktop or Laptop,Windows 10,Chrome 124.0.0.0,1536x864,1536x730,,,,consent to war.Q,6,ACpass,accepted,agreed,condagree,No,agreement_war-1,אני מעוניין/ת להמשיך בניסוי
3,1716200580431,20/05/2024 10:23:00,1716200582899,3,20/05/2024 13:23:02,142922,38,questionnaire-hkve,,37743514,BLIND,11118127,,complete,,,computer,Desktop or Laptop,Windows 10,Chrome 124.0.0.0,1536x864,1536x730,,,,consent to war.Q,6,ACpass,accepted,agreed,condagree,No,END QUESTIONNAIRE,2410
1,1716204065416,20/05/2024 11:21:05,1716204065335,3,20/05/2024 14:21:05,142922,38,questionnaire-hkve,,37745344,BLIND,11118165,,complete,,,computer,Desktop or Laptop,Windows 10,Chrome 125.0.0.0,1920x1080,1920x919,,,,consent to war.Q,6,ACpass,accepted,agreed,condagree,No,BEGIN QUESTIONNAIRE,
2,1716204067845,20/05/2024 11:21:07,1716204067804,3,20/05/2024 14:21:07,142922,38,questionnaire-hkve,,37745344,BLIND,11118165,,complete,,,computer,Desktop or Laptop,Windows 10,Chrome 125.0.0.0,1920x1080,1920x919,,,,consent to war.Q,6,ACpass,accepted,agreed,condagree,No,agreement_war-1,אני מעוניין/ת להמשיך בניסוי
3,1716204067963,20/05/2024 11:21:07,1716204067804,3,20/05/2024 14:21:07,142922,38,questionnaire-hkve,,37745344,BLIND,11118165,,complete,,,computer,Desktop or Laptop,Windows 10,Chrome 125.0.0.0,1920x1080,1920x919,,,,consent to war.Q,6,ACpass,accepted,agreed,condagree,No,END QUESTIONNAIRE,2469
1,1716202025923,20/05/2024 10:47:05,1716202026350,3,20/05/2024 13:47:06,142922,38,questionnaire-hkve,,37744099,BLIND,11118325,,complete,,,computer,Desktop or Laptop,Windows 10,Chrome 124.0.0.0,1536x864,1536x703,,,,consent to war.Q,6,ACpass,accepted,agreed,condagree,No,BEGIN QUESTIONNAIRE,
2,1716202035512,20/05/2024 10:47:15,1716202035984,3,20/05/2024 13:47:15,142922,38,questionnaire-hkve,,37744099,BLIND,11118325,,complete,,,computer,Desktop or Laptop,Windows 10,Chrome 124.0.0.0,1536x864,1536x703,,,,consent to war.Q,6,ACpass,accepted,agreed,condagree,No,agreement_war-1,אני מעוניין/ת להמשיך בניסוי
3,1716202035614,20/05/2024 10:47:15,1716202035985,3,20/05/2024 13:47:15,142922,38,questionnaire-hkve,,37744099,BLIND,11118325,,complete,,,computer,Desktop or Laptop,Windows 10,Chrome 124.0.0.0,1536x864,1536x703,,,,consent to war.Q,6,ACpass,accepted,agreed,condagree,No,END QUESTIONNAIRE,9635
1,1716203029141,20/05/2024 11:03:49,1716203028871,3,20/05/2024 14:03:48,142922,38,questionnaire-hkve,,37744765,BLIND,11118354,,complete,,,computer,Desktop or Laptop,Windows 10,Chrome 124.0.0.0,1366x768,1366x641,,,,consent to war.Q,6,ACpass,accepted,agreed,condagree,No,BEGIN QUESTIONNAIRE,
2,1716203035711,20/05/2024 11:03:55,1716203035456,3,20/05/2024 14:03:55,142922,38,questionnaire-hkve,,37744765,BLIND,11118354,,complete,,,computer,Desktop or Laptop,Windows 10,Chrome 124.0.0.0,1366x768,1366x641,,,,consent to war.Q,6,ACpass,accepted,agreed,condagree,No,agreement_war-1,אני מעוניין/ת להמשיך בניסוי
3,1716203035827,20/05/2024 11:03:55,1716203035457,3,20/05/2024 14:03:55,142922,38,questionnaire-hkve,,37744765,BLIND,11118354,,complete,,,computer,Desktop or Laptop,Windows 10,Chrome 124.0.0.0,1366x768,1366x641,,,,consent to war.Q,6,ACpass,accepted,agreed,condagree,No,END QUESTIONNAIRE,6586
1,1716203964920,20/05/2024 11:19:24,1716204000103,3,20/05/2024 14:20:00,142922,38,questionnaire-hkve,,37745293,BLIND,11118543,,complete,,,computer,Desktop or Laptop,Windows 10,Chrome 125.0.0.0,1920x1080,1920x953,,,,consent to war.Q,6,ACpass,accepted,agreed,condagree,No,BEGIN QUESTIONNAIRE,
2,1716203968403,20/05/2024 11:19:28,1716204003641,3,20/05/2024 14:20:03,142922,38,questionnaire-hkve,,37745293,BLIND,11118543,,complete,,,computer,Desktop or Laptop,Windows 10,Chrome 125.0.0.0,1920x1080,1920x953,,,,consent to war.Q,6,ACpass,accepted,agreed,condagree,No,agreement_war-1,אני מעוניין/ת להמשיך בניסוי
3,1716203968523,20/05/2024 11:19:28,1716204003642,3,20/05/2024 14:20:03,142922,38,questionnaire-hkve,,37745293,BLIND,11118543,,complete,,,computer,Desktop or Laptop,Windows 10,Chrome 125.0.0.0,1920x1080,1920x953,,,,consent to war.Q,6,ACpass,accepted,agreed,condagree,No,END QUESTIONNAIRE,3539
1,1716205955203,20/05/2024 11:52:35,1716205975608,3,20/05/2024 14:52:55,142922,38,questionnaire-hkve,,37746121,BLIND,11118763,,complete,,,computer,Desktop or Laptop,Windows 10,Chrome 124.0.0.0,1536x864,1536x730,,,,consent to war.Q,6,ACpass,accepted,agreed,condagree,No,BEGIN QUESTIONNAIRE,
2,1716205962517,20/05/2024 11:52:42,1716205982997,3,20/05/2024 14:53:02,142922,38,questionnaire-hkve,,37746121,BLIND,11118763,,complete,,,computer,Desktop or Laptop,Windows 10,Chrome 124.0.0.0,1536x864,1536x730,,,,consent to war.Q,6,ACpass,accepted,agreed,condagree,No,agreement_war-1,אני מעוניין/ת להמשיך בניסוי
3,1716205962662,20/05/2024 11:52:42,1716205982998,3,20/05/2024 14:53:02,142922,38,questionnaire-hkve,,37746121,BLIND,11118763,,complete,,,computer,Desktop or Laptop,Windows 10,Chrome 124.0.0.0,1536x864,1536x730,,,,consent to war.Q,6,ACpass,accepted,agreed,condagree,No,END QUESTIONNAIRE,7390
1,1716208828341,20/05/2024 12:40:28,1716208829632,3,20/05/2024 15:40:29,142922,38,questionnaire-hkve,,37747102,BLIND,11118974,,complete,,,computer,Desktop or Laptop,Windows 10,Edge 125.0.0.0,1920x1080,1912x958,,,,consent to war.Q,6,ACpass,accepted,agreed,condagree,No,BEGIN QUESTIONNAIRE,
2,1716208837089,20/05/2024 12:40:37,1716208838458,3,20/05/2024 15:40:38,142922,38,questionnaire-hkve,,37747102,BLIND,11118974,,complete,,,computer,Desktop or Laptop,Windows 10,Edge 125.0.0.0,1920x1080,1912x958,,,,consent to war.Q,6,ACpass,accepted,agreed,condagree,No,agreement_war-1,אני מעוניין/ת להמשיך בניסוי
3,1716208837211,20/05/2024 12:40:37,1716208838459,3,20/05/2024 15:40:38,142922,38,questionnaire-hkve,,37747102,BLIND,11118974,,complete,,,computer,Desktop or Laptop,Windows 10,Edge 125.0.0.0,1920x1080,1912x958,,,,consent to war.Q,6,ACpass,accepted,agreed,condagree,No,END QUESTIONNAIRE,8827
1,1716211619893,20/05/2024 13:26:59,1716211619178,3,20/05/2024 16:26:59,142922,38,questionnaire-hkve,,37748664,BLIND,11119522,,complete,,,computer,Desktop or Laptop,Windows 10,Chrome 124.0.0.0,1366x768,1366x633,,,,consent to war.Q,6,ACpass,accepted,agreed,condagree,No,BEGIN QUESTIONNAIRE,
2,1716211630036,20/05/2024 13:27:10,1716211628227,3,20/05/2024 16:27:08,142922,38,questionnaire-hkve,,37748664,BLIND,11119522,,complete,,,computer,Desktop or Laptop,Windows 10,Chrome 124.0.0.0,1366x768,1366x633,,,,consent to war.Q,6,ACpass,accepted,agreed,condagree,No,agreement_war-1,אני מעוניין/ת להמשיך בניסוי
3,1716211630177,20/05/2024 13:27:10,1716211628235,3,20/05/2024 16:27:08,142922,38,questionnaire-hkve,,37748664,BLIND,11119522,,complete,,,computer,Desktop or Laptop,Windows 10,Chrome 124.0.0.0,1366x768,1366x633,,,,consent to war.Q,6,ACpass,accepted,agreed,condagree,No,END QUESTIONNAIRE,9057
1,1716214010617,20/05/2024 14:06:50,1716214009949,3,20/05/2024 17:06:49,142922,38,questionnaire-hkve,,37749984,BLIND,11119801,,complete,,,computer,Desktop or Laptop,Windows 10,Chrome 124.0.0.0,1536x864,1536x730,,,,consent to war.Q,6,ACpass,accepted,agreed,condagree,No,BEGIN QUESTIONNAIRE,
2,1716214017714,20/05/2024 14:06:57,1716214017104,3,20/05/2024 17:06:57,142922,38,questionnaire-hkve,,37749984,BLIND,11119801,,complete,,,computer,Desktop or Laptop,Windows 10,Chrome 124.0.0.0,1536x864,1536x730,,,,consent to war.Q,6,ACpass,accepted,agreed,condagree,No,agreement_war-1,אני מעוניין/ת להמשיך בניסוי
3,1716214017831,20/05/2024 14:06:57,1716214017105,3,20/05/2024 17:06:57,142922,38,questionnaire-hkve,,37749984,BLIND,11119801,,complete,,,computer,Desktop or Laptop,Windows 10,Chrome 124.0.0.0,1536x864,1536x730,,,,consent to war.Q,6,ACpass,accepted,agreed,condagree,No,END QUESTIONNAIRE,7156
1,1716214328580,20/05/2024 14:12:08,1716214328289,3,20/05/2024 17:12:08,142922,38,questionnaire-hkve,,37750121,BLIND,11119823,,complete,,,computer,Desktop or Laptop,Windows 10,Chrome 124.0.0.0,1366x768,1366x607,,,,consent to war.Q,6,ACpass,accepted,agreed,condagree,No,BEGIN QUESTIONNAIRE,
2,1716214348237,20/05/2024 14:12:28,1716214348000,3,20/05/2024 17:12:28,142922,38,questionnaire-hkve,,37750121,BLIND,11119823,,complete,,,computer,Desktop or Laptop,Windows 10,Chrome 124.0.0.0,1366x768,1366x607,,,,consent to war.Q,6,ACpass,accepted,agreed,condagree,No,agreement_war-1,אני מעוניין/ת להמשיך בניסוי
3,1716214348366,20/05/2024 14:12:28,1716214348002,3,20/05/2024 17:12:28,142922,38,questionnaire-hkve,,37750121,BLIND,11119823,,complete,,,computer,Desktop or Laptop,Windows 10,Chrome 124.0.0.0,1366x768,1366x607,,,,consent to war.Q,6,ACpass,accepted,agreed,condagree,No,END QUESTIONNAIRE,19713
1,1716228884233,20/05/2024 18:14:44,1716228882287,3,20/05/2024 21:14:42,142922,38,questionnaire-hkve,,37754262,BLIND,11121053,,complete,,,computer,Desktop or Laptop,Windows 10,Chrome 125.0.0.0,1536x960,1536x799,,,,consent to war.Q,6,ACpass,accepted,agreed,condagree,No,BEGIN QUESTIONNAIRE,
2,1716228889582,20/05/2024 18:14:49,1716228887687,3,20/05/2024 21:14:47,142922,38,questionnaire-hkve,,37754262,BLIND,11121053,,complete,,,computer,Desktop or Laptop,Windows 10,Chrome 125.0.0.0,1536x960,1536x799,,,,consent to war.Q,6,ACpass,accepted,agreed,condagree,No,agreement_war-1,אני מעוניין/ת להמשיך בניסוי
3,1716228889749,20/05/2024 18:14:49,1716228887688,3,20/05/2024 21:14:47,142922,38,questionnaire-hkve,,37754262,BLIND,11121053,,complete,,,computer,Desktop or Laptop,Windows 10,Chrome 125.0.0.0,1536x960,1536x799,,,,consent to war.Q,6,ACpass,accepted,agreed,condagree,No,END QUESTIONNAIRE,5401
1,1716235196895,20/05/2024 19:59:56,1716235196071,3,20/05/2024 22:59:56,142922,38,questionnaire-hkve,,37755729,BLIND,11121565,,complete,,,computer,Desktop or Laptop,Windows 10,Chrome 124.0.0.0,1280x720,1280x551,,,,consent to war.Q,6,ACpass,accepted,agreed,condagree,No,BEGIN QUESTIONNAIRE,
2,1716235207122,20/05/2024 20:00:07,1716235206318,3,20/05/2024 23:00:06,142922,38,questionnaire-hkve,,37755729,BLIND,11121565,,complete,,,computer,Desktop or Laptop,Windows 10,Chrome 124.0.0.0,1280x720,853x367,,,,consent to war.Q,6,ACpass,accepted,agreed,condagree,No,agreement_war-1,אני מעוניין/ת להמשיך בניסוי
3,1716235207271,20/05/2024 20:00:07,1716235206319,3,20/05/2024 23:00:06,142922,38,questionnaire-hkve,,37755729,BLIND,11121565,,complete,,,computer,Desktop or Laptop,Windows 10,Chrome 124.0.0.0,1280x720,853x367,,,,consent to war.Q,6,ACpass,accepted,agreed,condagree,No,END QUESTIONNAIRE,10248
1,1716265326309,21/05/2024 04:22:06,1716265327583,3,21/05/2024 07:22:07,142922,38,questionnaire-hkve,,37759102,BLIND,11123037,,complete,,,computer,Desktop or Laptop,Windows 10,Chrome 123.0.0.0,1366x768,1366x641,,,,consent to war.Q,6,ACpass,accepted,agreed,condagree,No,BEGIN QUESTIONNAIRE,
2,1716265331608,21/05/2024 04:22:11,1716265332931,3,21/05/2024 07:22:12,142922,38,questionnaire-hkve,,37759102,BLIND,11123037,,complete,,,computer,Desktop or Laptop,Windows 10,Chrome 123.0.0.0,1366x768,1366x641,,,,consent to war.Q,6,ACpass,accepted,agreed,condagree,No,agreement_war-1,אני מעוניין/ת להמשיך בניסוי
3,1716265331726,21/05/2024 04:22:11,1716265332932,3,21/05/2024 07:22:12,142922,38,questionnaire-hkve,,37759102,BLIND,11123037,,complete,,,computer,Desktop or Laptop,Windows 10,Chrome 123.0.0.0,1366x768,1366x641,,,,consent to war.Q,6,ACpass,accepted,agreed,condagree,No,END QUESTIONNAIRE,5349
1,1716267910162,21/05/2024 05:05:10,1716267909610,3,21/05/2024 08:05:09,142922,38,questionnaire-hkve,,37759347,BLIND,11123100,,complete,,,computer,Desktop or Laptop,Windows 10,Chrome 124.0.0.0,1280x720,1280x593,,,,consent to war.Q,6,ACpass,accepted,agreed,condagree,No,BEGIN QUESTIONNAIRE,
2,1716267913728,21/05/2024 05:05:13,1716267913229,3,21/05/2024 08:05:13,142922,38,questionnaire-hkve,,37759347,BLIND,11123100,,complete,,,computer,Desktop or Laptop,Windows 10,Chrome 124.0.0.0,1280x720,1280x593,,,,consent to war.Q,6,ACpass,accepted,agreed,condagree,No,agreement_war-1,אני מעוניין/ת להמשיך בניסוי
3,1716267913855,21/05/2024 05:05:13,1716267913229,3,21/05/2024 08:05:13,142922,38,questionnaire-hkve,,37759347,BLIND,11123100,,complete,,,computer,Desktop or Laptop,Windows 10,Chrome 124.0.0.0,1280x720,1280x593,,,,consent to war.Q,6,ACpass,accepted,agreed,condagree,No,END QUESTIONNAIRE,3619
1,1716268347678,21/05/2024 05:12:27,1716268347590,0,21/05/2024 05:12:27,142922,38,questionnaire-hkve,,37759375,BLIND,11123105,,complete,,,computer,Desktop or Laptop,Windows 10,Chrome 125.0.0.0,1920x1080,1920x953,,,,consent to war.Q,6,ACpass,accepted,agreed,condagree,No,BEGIN QUESTIONNAIRE,
2,1716268354325,21/05/2024 05:12:34,1716268354289,0,21/05/2024 05:12:34,142922,38,questionnaire-hkve,,37759375,BLIND,11123105,,complete,,,computer,Desktop or Laptop,Windows 10,Chrome 125.0.0.0,1920x1080,1920x953,,,,consent to war.Q,6,ACpass,accepted,agreed,condagree,No,agreement_war-1,אני מעוניין/ת להמשיך בניסוי
3,1716268354393,21/05/2024 05:12:34,1716268354291,0,21/05/2024 05:12:34,142922,38,questionnaire-hkve,,37759375,BLIND,11123105,,complete,,,computer,Desktop or Laptop,Windows 10,Chrome 125.0.0.0,1920x1080,1920x953,,,,consent to war.Q,6,ACpass,accepted,agreed,condagree,No,END QUESTIONNAIRE,6701
1,1716268593375,21/05/2024 05:16:33,1716268593282,3,21/05/2024 08:16:33,142922,38,questionnaire-hkve,,37759398,BLIND,11123108,,complete,,,computer,Desktop or Laptop,Windows 10,Chrome 116.0.0.0,1920x1080,1920x963,,,,consent to war.Q,6,ACpass,accepted,agreed,condagree,No,BEGIN QUESTIONNAIRE,
2,1716268601913,21/05/2024 05:16:41,1716268601855,3,21/05/2024 08:16:41,142922,38,questionnaire-hkve,,37759398,BLIND,11123108,,complete,,,computer,Desktop or Laptop,Windows 10,Chrome 116.0.0.0,1920x1080,1920x963,,,,consent to war.Q,6,ACpass,accepted,agreed,condagree,No,agreement_war-1,אני מעוניין/ת להמשיך בניסוי
3,1716268602070,21/05/2024 05:16:42,1716268601856,3,21/05/2024 08:16:41,142922,38,questionnaire-hkve,,37759398,BLIND,11123108,,complete,,,computer,Desktop or Laptop,Windows 10,Chrome 116.0.0.0,1920x1080,1920x963,,,,consent to war.Q,6,ACpass,accepted,agreed,condagree,No,END QUESTIONNAIRE,8574
1,1716269569707,21/05/2024 05:32:49,1716269569697,3,21/05/2024 08:32:49,142922,38,questionnaire-hkve,,37759460,BLIND,11123129,,complete,,,computer,Desktop or Laptop,Windows 10,Chrome 125.0.0.0,1920x1080,1920x919,,,,consent to war.Q,6,ACpass,accepted,agreed,condagree,No,BEGIN QUESTIONNAIRE,
2,1716269574474,21/05/2024 05:32:54,1716269574511,3,21/05/2024 08:32:54,142922,38,questionnaire-hkve,,37759460,BLIND,11123129,,complete,,,computer,Desktop or Laptop,Windows 10,Chrome 125.0.0.0,1920x1080,1920x919,,,,consent to war.Q,6,ACpass,accepted,agreed,condagree,No,agreement_war-1,אני מעוניין/ת להמשיך בניסוי
3,1716269574591,21/05/2024 05:32:54,1716269574512,3,21/05/2024 08:32:54,142922,38,questionnaire-hkve,,37759460,BLIND,11123129,,complete,,,computer,Desktop or Laptop,Windows 10,Chrome 125.0.0.0,1920x1080,1920x919,,,,consent to war.Q,6,ACpass,accepted,agreed,condagree,No,END QUESTIONNAIRE,4815
1,1716270695436,21/05/2024 05:51:35,1716270695948,3,21/05/2024 08:51:35,142922,38,questionnaire-hkve,,37759532,BLIND,11123153,,complete,,,computer,Desktop or Laptop,Windows 10,Chrome 124.0.0.0,1536x864,1536x738,,,,consent to war.Q,6,ACpass,accepted,agreed,condagree,No,BEGIN QUESTIONNAIRE,
2,1716270724289,21/05/2024 05:52:04,1716270724861,3,21/05/2024 08:52:04,142922,38,questionnaire-hkve,,37759532,BLIND,11123153,,complete,,,computer,Desktop or Laptop,Windows 10,Chrome 124.0.0.0,1536x864,1536x738,,,,consent to war.Q,6,ACpass,accepted,agreed,condagree,No,agreement_war-1,אני מעוניין/ת להמשיך בניסוי
3,1716270724397,21/05/2024 05:52:04,1716270724862,3,21/05/2024 08:52:04,142922,38,questionnaire-hkve,,37759532,BLIND,11123153,,complete,,,computer,Desktop or Laptop,Windows 10,Chrome 124.0.0.0,1536x864,1536x738,,,,consent to war.Q,6,ACpass,accepted,agreed,condagree,No,END QUESTIONNAIRE,28914
1,1716271605536,21/05/2024 06:06:45,1716271487201,3,21/05/2024 09:04:47,142922,38,questionnaire-hkve,,37759611,BLIND,11123193,,complete,,,computer,Desktop or Laptop,Windows 10,Chrome 124.0.0.0,1280x720,1280x559,,,,consent to war.Q,6,ACpass,accepted,agreed,condagree,No,BEGIN QUESTIONNAIRE,
2,1716271612351,21/05/2024 06:06:52,1716271494037,3,21/05/2024 09:04:54,142922,38,questionnaire-hkve,,37759611,BLIND,11123193,,complete,,,computer,Desktop or Laptop,Windows 10,Chrome 124.0.0.0,1280x720,1280x559,,,,consent to war.Q,6,ACpass,accepted,agreed,condagree,No,agreement_war-1,אני מעוניין/ת להמשיך בניסוי
3,1716271612489,21/05/2024 06:06:52,1716271494039,3,21/05/2024 09:04:54,142922,38,questionnaire-hkve,,37759611,BLIND,11123193,,complete,,,computer,Desktop or Laptop,Windows 10,Chrome 124.0.0.0,1280x720,1280x559,,,,consent to war.Q,6,ACpass,accepted,agreed,condagree,No,END QUESTIONNAIRE,6838
1,1716280628786,21/05/2024 08:37:08,1716280628760,3,21/05/2024 11:37:08,142922,38,questionnaire-hkve,,37761161,BLIND,11123729,,complete,,,computer,Desktop or Laptop,Windows 10,Chrome 124.0.0.0,1536x864,1536x695,,,,consent to war.Q,6,ACpass,accepted,agreed,condagree,No,BEGIN QUESTIONNAIRE,
2,1716280644242,21/05/2024 08:37:24,1716280644258,3,21/05/2024 11:37:24,142922,38,questionnaire-hkve,,37761161,BLIND,11123729,,complete,,,computer,Desktop or Laptop,Windows 10,Chrome 124.0.0.0,1536x864,1536x695,,,,consent to war.Q,6,ACpass,accepted,agreed,condagree,No,agreement_war-1,אני מעוניין/ת להמשיך בניסוי
3,1716280644382,21/05/2024 08:37:24,1716280644259,3,21/05/2024 11:37:24,142922,38,questionnaire-hkve,,37761161,BLIND,11123729,,complete,,,computer,Desktop or Laptop,Windows 10,Chrome 124.0.0.0,1536x864,1536x695,,,,consent to war.Q,6,ACpass,accepted,agreed,condagree,No,END QUESTIONNAIRE,15499
1,1716281268415,21/05/2024 08:47:48,1716281267096,3,21/05/2024 11:47:47,142922,38,questionnaire-hkve,,37761483,BLIND,11123824,,complete,,,computer,Desktop or Laptop,Windows 10,Chrome 124.0.0.0,2560x1080,2560x911,,,,consent to war.Q,6,ACpass,accepted,agreed,condagree,No,BEGIN QUESTIONNAIRE,
2,1716281278900,21/05/2024 08:47:58,1716281277386,3,21/05/2024 11:47:57,142922,38,questionnaire-hkve,,37761483,BLIND,11123824,,complete,,,computer,Desktop or Laptop,Windows 10,Chrome 124.0.0.0,2560x1080,2560x911,,,,consent to war.Q,6,ACpass,accepted,agreed,condagree,No,agreement_war-1,אני מעוניין/ת להמשיך בניסוי
3,1716281279022,21/05/2024 08:47:59,1716281277387,3,21/05/2024 11:47:57,142922,38,questionnaire-hkve,,37761483,BLIND,11123824,,complete,,,computer,Desktop or Laptop,Windows 10,Chrome 124.0.0.0,2560x1080,2560x911,,,,consent to war.Q,6,ACpass,accepted,agreed,condagree,No,END QUESTIONNAIRE,10291
1,1716287092600,21/05/2024 10:24:52,1716287092394,3,21/05/2024 13:24:52,142922,38,questionnaire-hkve,,37764258,BLIND,11124393,,complete,,,computer,Desktop or Laptop,Windows 10,Chrome 124.0.0.0,1280x720,1280x598,,,,consent to war.Q,6,ACpass,accepted,agreed,condagree,No,BEGIN QUESTIONNAIRE,
2,1716287099819,21/05/2024 10:24:59,1716287099635,3,21/05/2024 13:24:59,142922,38,questionnaire-hkve,,37764258,BLIND,11124393,,complete,,,computer,Desktop or Laptop,Windows 10,Chrome 124.0.0.0,1280x720,1280x598,,,,consent to war.Q,6,ACpass,accepted,agreed,condagree,No,agreement_war-1,אני מעוניין/ת להמשיך בניסוי
3,1716287100280,21/05/2024 10:25:00,1716287099637,3,21/05/2024 13:24:59,142922,38,questionnaire-hkve,,37764258,BLIND,11124393,,complete,,,computer,Desktop or Laptop,Windows 10,Chrome 124.0.0.0,1280x720,1280x598,,,,consent to war.Q,6,ACpass,accepted,agreed,condagree,No,END QUESTIONNAIRE,7243
1,1716287110751,21/05/2024 10:25:10,1716287110751,3,21/05/2024 13:25:10,142922,38,questionnaire-hkve,,37764268,BLIND,11124394,,complete,,,computer,Desktop or Laptop,Windows 10,Chrome 124.0.0.0,1920x1080,1920x911,,,,consent to war.Q,6,ACpass,accepted,agreed,condagree,No,BEGIN QUESTIONNAIRE,
2,1716287113210,21/05/2024 10:25:13,1716287113268,3,21/05/2024 13:25:13,142922,38,questionnaire-hkve,,37764268,BLIND,11124394,,complete,,,computer,Desktop or Laptop,Windows 10,Chrome 124.0.0.0,1920x1080,1920x911,,,,consent to war.Q,6,ACpass,accepted,agreed,condagree,No,agreement_war-1,אני מעוניין/ת להמשיך בניסוי
3,1716287113346,21/05/2024 10:25:13,1716287113269,3,21/05/2024 13:25:13,142922,38,questionnaire-hkve,,37764268,BLIND,11124394,,complete,,,computer,Desktop or Laptop,Windows 10,Chrome 124.0.0.0,1920x1080,1920x911,,,,consent to war.Q,6,ACpass,accepted,agreed,condagree,No,END QUESTIONNAIRE,2518
1,1716289014654,21/05/2024 10:56:54,1716289014269,3,21/05/2024 13:56:54,142922,38,questionnaire-hkve,,37765216,BLIND,11124586,,complete,,,computer,Desktop or Laptop,Mac OS 10.15.7,Chrome 125.0.0.0,1512x982,1512x733,,,,consent to war.Q,6,ACpass,accepted,agreed,condagree,No,BEGIN QUESTIONNAIRE,
2,1716289026073,21/05/2024 10:57:06,1716289025747,3,21/05/2024 13:57:05,142922,38,questionnaire-hkve,,37765216,BLIND,11124586,,complete,,,computer,Desktop or Laptop,Mac OS 10.15.7,Chrome 125.0.0.0,1512x982,1512x733,,,,consent to war.Q,6,ACpass,accepted,agreed,condagree,No,agreement_war-1,אני מעוניין/ת להמשיך בניסוי
3,1716289026853,21/05/2024 10:57:06,1716289025748,3,21/05/2024 13:57:05,142922,38,questionnaire-hkve,,37765216,BLIND,11124586,,complete,,,computer,Desktop or Laptop,Mac OS 10.15.7,Chrome 125.0.0.0,1512x982,1512x733,,,,consent to war.Q,6,ACpass,accepted,agreed,condagree,No,END QUESTIONNAIRE,11479
1,1716289215304,21/05/2024 11:00:15,1716289220987,3,21/05/2024 14:00:20,142922,38,questionnaire-hkve,,37765325,BLIND,11124600,,complete,,,computer,Desktop or Laptop,Windows 10,Chrome 124.0.0.0,1280x720,1280x585,,,,consent to war.Q,6,ACpass,accepted,agreed,condagree,No,BEGIN QUESTIONNAIRE,
2,1716289238548,21/05/2024 11:00:38,1716289244252,3,21/05/2024 14:00:44,142922,38,questionnaire-hkve,,37765325,BLIND,11124600,,complete,,,computer,Desktop or Laptop,Windows 10,Chrome 124.0.0.0,1280x720,1280x585,,,,consent to war.Q,6,ACpass,accepted,agreed,condagree,No,agreement_war-1,אני מעוניין/ת להמשיך בניסוי
3,1716289238648,21/05/2024 11:00:38,1716289244255,3,21/05/2024 14:00:44,142922,38,questionnaire-hkve,,37765325,BLIND,11124600,,complete,,,computer,Desktop or Laptop,Windows 10,Chrome 124.0.0.0,1280x720,1280x585,,,,consent to war.Q,6,ACpass,accepted,agreed,condagree,No,END QUESTIONNAIRE,23268
1,1716289904297,21/05/2024 11:11:44,1716289905244,3,21/05/2024 14:11:45,142922,38,questionnaire-hkve,,37765644,BLIND,11124683,,complete,,,computer,Desktop or Laptop,Windows 10,Chrome 124.0.0.0,1920x1080,1920x911,,,,consent to war.Q,6,ACpass,accepted,agreed,condagree,No,BEGIN QUESTIONNAIRE,
2,1716289908893,21/05/2024 11:11:48,1716289909882,3,21/05/2024 14:11:49,142922,38,questionnaire-hkve,,37765644,BLIND,11124683,,complete,,,computer,Desktop or Laptop,Windows 10,Chrome 124.0.0.0,1920x1080,1920x911,,,,consent to war.Q,6,ACpass,accepted,agreed,condagree,No,agreement_war-1,אני מעוניין/ת להמשיך בניסוי
3,1716289909027,21/05/2024 11:11:49,1716289909883,3,21/05/2024 14:11:49,142922,38,questionnaire-hkve,,37765644,BLIND,11124683,,complete,,,computer,Desktop or Laptop,Windows 10,Chrome 124.0.0.0,1920x1080,1920x911,,,,consent to war.Q,6,ACpass,accepted,agreed,condagree,No,END QUESTIONNAIRE,4639
1,1716290310002,21/05/2024 11:18:30,1716290447358,3,21/05/2024 14:20:47,142922,38,questionnaire-hkve,,37765813,BLIND,11124623,,complete,,,computer,Desktop or Laptop,Windows 10,Chrome 124.0.0.0,1536x864,1536x730,,,,consent to war.Q,6,ACpass,accepted,agreed,condagree,No,BEGIN QUESTIONNAIRE,
2,1716290317804,21/05/2024 11:18:37,1716290455215,3,21/05/2024 14:20:55,142922,38,questionnaire-hkve,,37765813,BLIND,11124623,,complete,,,computer,Desktop or Laptop,Windows 10,Chrome 124.0.0.0,1536x864,1536x730,,,,consent to war.Q,6,ACpass,accepted,agreed,condagree,No,agreement_war-1,אני מעוניין/ת להמשיך בניסוי
3,1716290320907,21/05/2024 11:18:40,1716290455215,3,21/05/2024 14:20:55,142922,38,questionnaire-hkve,,37765813,BLIND,11124623,,complete,,,computer,Desktop or Laptop,Windows 10,Chrome 124.0.0.0,1536x864,1536x730,,,,consent to war.Q,6,ACpass,accepted,agreed,condagree,No,END QUESTIONNAIRE,7857
1,1716290320975,21/05/2024 11:18:40,1716290320639,3,21/05/2024 14:18:40,142922,38,questionnaire-hkve,,37765818,BLIND,11124715,,complete,,,computer,Desktop or Laptop,Windows 10,Edge 123.0.0.0,1440x900,1432x786,,,,consent to war.Q,6,ACpass,accepted,agreed,condagree,No,BEGIN QUESTIONNAIRE,
2,1716290326260,21/05/2024 11:18:46,1716290325720,3,21/05/2024 14:18:45,142922,38,questionnaire-hkve,,37765818,BLIND,11124715,,complete,,,computer,Desktop or Laptop,Windows 10,Edge 123.0.0.0,1440x900,1432x786,,,,consent to war.Q,6,ACpass,accepted,agreed,condagree,No,agreement_war-1,אני מעוניין/ת להמשיך בניסוי
3,1716290326650,21/05/2024 11:18:46,1716290325720,3,21/05/2024 14:18:45,142922,38,questionnaire-hkve,,37765818,BLIND,11124715,,complete,,,computer,Desktop or Laptop,Windows 10,Edge 123.0.0.0,1440x900,1432x786,,,,consent to war.Q,6,ACpass,accepted,agreed,condagree,No,END QUESTIONNAIRE,5081
1,1716292156016,21/05/2024 11:49:16,1716292158728,3,21/05/2024 14:49:18,142922,38,questionnaire-hkve,,37766423,BLIND,11125027,,complete,,,computer,Desktop or Laptop,Windows 10,Chrome 124.0.0.0,1920x1080,1920x1001,,,,consent to war.Q,6,ACpass,accepted,agreed,condagree,No,BEGIN QUESTIONNAIRE,
2,1716292168262,21/05/2024 11:49:28,1716292170785,3,21/05/2024 14:49:30,142922,38,questionnaire-hkve,,37766423,BLIND,11125027,,complete,,,computer,Desktop or Laptop,Windows 10,Chrome 124.0.0.0,1920x1080,1920x1001,,,,consent to war.Q,6,ACpass,accepted,agreed,condagree,No,agreement_war-1,אני מעוניין/ת להמשיך בניסוי
3,1716292168379,21/05/2024 11:49:28,1716292170786,3,21/05/2024 14:49:30,142922,38,questionnaire-hkve,,37766423,BLIND,11125027,,complete,,,computer,Desktop or Laptop,Windows 10,Chrome 124.0.0.0,1920x1080,1920x1001,,,,consent to war.Q,6,ACpass,accepted,agreed,condagree,No,END QUESTIONNAIRE,12058
1,1716293019002,21/05/2024 12:03:39,1716293018470,3,21/05/2024 15:03:38,142922,38,questionnaire-hkve,,37766689,BLIND,11125087,,complete,,,computer,Desktop or Laptop,Windows 10,Chrome 124.0.0.0,1920x1080,1536x735,,,,consent to war.Q,6,ACpass,accepted,agreed,condagree,No,BEGIN QUESTIONNAIRE,
2,1716293025964,21/05/2024 12:03:45,1716293025458,3,21/05/2024 15:03:45,142922,38,questionnaire-hkve,,37766689,BLIND,11125087,,complete,,,computer,Desktop or Laptop,Windows 10,Chrome 124.0.0.0,1920x1080,1536x735,,,,consent to war.Q,6,ACpass,accepted,agreed,condagree,No,agreement_war-1,אני מעוניין/ת להמשיך בניסוי
3,1716293026086,21/05/2024 12:03:46,1716293025459,3,21/05/2024 15:03:45,142922,38,questionnaire-hkve,,37766689,BLIND,11125087,,complete,,,computer,Desktop or Laptop,Windows 10,Chrome 124.0.0.0,1920x1080,1536x735,,,,consent to war.Q,6,ACpass,accepted,agreed,condagree,No,END QUESTIONNAIRE,6989
1,1716293065135,21/05/2024 12:04:25,1716293065558,3,21/05/2024 15:04:25,142922,38,questionnaire-hkve,,37766708,BLIND,11125100,,complete,,,computer,Desktop or Laptop,Windows 10,Chrome 124.0.0.0,1920x1080,1920x919,,,,consent to war.Q,6,ACpass,accepted,agreed,condagree,No,BEGIN QUESTIONNAIRE,
2,1716293070119,21/05/2024 12:04:30,1716293070598,3,21/05/2024 15:04:30,142922,38,questionnaire-hkve,,37766708,BLIND,11125100,,complete,,,computer,Desktop or Laptop,Windows 10,Chrome 124.0.0.0,1920x1080,1920x919,,,,consent to war.Q,6,ACpass,accepted,agreed,condagree,No,agreement_war-1,אני מעוניין/ת להמשיך בניסוי
3,1716293070209,21/05/2024 12:04:30,1716293070599,3,21/05/2024 15:04:30,142922,38,questionnaire-hkve,,37766708,BLIND,11125100,,complete,,,computer,Desktop or Laptop,Windows 10,Chrome 124.0.0.0,1920x1080,1920x919,,,,consent to war.Q,6,ACpass,accepted,agreed,condagree,No,END QUESTIONNAIRE,5041
1,1716293123437,21/05/2024 12:05:23,1716293125046,3,21/05/2024 15:05:25,142922,38,questionnaire-hkve,,37766731,BLIND,11125103,,complete,,,computer,Desktop or Laptop,Windows 10,Chrome 124.0.0.0,1536x864,1524x695,,,,consent to war.Q,6,ACpass,accepted,agreed,condagree,No,BEGIN QUESTIONNAIRE,
2,1716293130296,21/05/2024 12:05:30,1716293131935,3,21/05/2024 15:05:31,142922,38,questionnaire-hkve,,37766731,BLIND,11125103,,complete,,,computer,Desktop or Laptop,Windows 10,Chrome 124.0.0.0,1536x864,1524x695,,,,consent to war.Q,6,ACpass,accepted,agreed,condagree,No,agreement_war-1,אני מעוניין/ת להמשיך בניסוי
3,1716293130417,21/05/2024 12:05:30,1716293131937,3,21/05/2024 15:05:31,142922,38,questionnaire-hkve,,37766731,BLIND,11125103,,complete,,,computer,Desktop or Laptop,Windows 10,Chrome 124.0.0.0,1536x864,1524x695,,,,consent to war.Q,6,ACpass,accepted,agreed,condagree,No,END QUESTIONNAIRE,6891
1,1716293188265,21/05/2024 12:06:28,1716293187859,3,21/05/2024 15:06:27,142922,38,questionnaire-hkve,,37766756,BLIND,11125107,,complete,,,computer,Desktop or Laptop,Windows 10,Chrome 124.0.0.0,1536x864,1536x695,,,,consent to war.Q,6,ACpass,accepted,agreed,condagree,No,BEGIN QUESTIONNAIRE,
2,1716293216302,21/05/2024 12:06:56,1716293215913,3,21/05/2024 15:06:55,142922,38,questionnaire-hkve,,37766756,BLIND,11125107,,complete,,,computer,Desktop or Laptop,Windows 10,Chrome 124.0.0.0,1536x864,1536x695,,,,consent to war.Q,6,ACpass,accepted,agreed,condagree,No,agreement_war-1,אני מעוניין/ת להמשיך בניסוי
3,1716293216461,21/05/2024 12:06:56,1716293215914,3,21/05/2024 15:06:55,142922,38,questionnaire-hkve,,37766756,BLIND,11125107,,complete,,,computer,Desktop or Laptop,Windows 10,Chrome 124.0.0.0,1536x864,1536x695,,,,consent to war.Q,6,ACpass,accepted,agreed,condagree,No,END QUESTIONNAIRE,28055
1,1716296082829,21/05/2024 12:54:42,1716296082944,3,21/05/2024 15:54:42,142922,38,questionnaire-hkve,,37767711,BLIND,11125372,,complete,,,computer,Desktop or Laptop,Windows 10,Chrome 124.0.0.0,1280x720,1280x551,,,,consent to war.Q,6,ACpass,accepted,agreed,condagree,No,BEGIN QUESTIONNAIRE,
2,1716296093735,21/05/2024 12:54:53,1716296093908,3,21/05/2024 15:54:53,142922,38,questionnaire-hkve,,37767711,BLIND,11125372,,complete,,,computer,Desktop or Laptop,Windows 10,Chrome 124.0.0.0,1280x720,1280x551,,,,consent to war.Q,6,ACpass,accepted,agreed,condagree,No,agreement_war-1,אני מעוניין/ת להמשיך בניסוי
3,1716296093864,21/05/2024 12:54:53,1716296093909,3,21/05/2024 15:54:53,142922,38,questionnaire-hkve,,37767711,BLIND,11125372,,complete,,,computer,Desktop or Laptop,Windows 10,Chrome 124.0.0.0,1280x720,1280x551,,,,consent to war.Q,6,ACpass,accepted,agreed,condagree,No,END QUESTIONNAIRE,10965
1,1716296313958,21/05/2024 12:58:33,1716296314395,3,21/05/2024 15:58:34,142922,38,questionnaire-hkve,,37767825,BLIND,11125435,,complete,,,computer,Desktop or Laptop,Windows 10,Chrome 125.0.0.0,1536x864,1536x695,,,,consent to war.Q,6,ACpass,accepted,agreed,condagree,No,BEGIN QUESTIONNAIRE,
2,1716296317657,21/05/2024 12:58:37,1716296318117,3,21/05/2024 15:58:38,142922,38,questionnaire-hkve,,37767825,BLIND,11125435,,complete,,,computer,Desktop or Laptop,Windows 10,Chrome 125.0.0.0,1536x864,1536x695,,,,consent to war.Q,6,ACpass,accepted,agreed,condagree,No,agreement_war-1,אני מעוניין/ת להמשיך בניסוי
3,1716296317774,21/05/2024 12:58:37,1716296318118,3,21/05/2024 15:58:38,142922,38,questionnaire-hkve,,37767825,BLIND,11125435,,complete,,,computer,Desktop or Laptop,Windows 10,Chrome 125.0.0.0,1536x864,1536x695,,,,consent to war.Q,6,ACpass,accepted,agreed,condagree,No,END QUESTIONNAIRE,3723
1,1716297072143,21/05/2024 13:11:12,1716297075419,3,21/05/2024 16:11:15,142922,38,questionnaire-hkve,,37768107,BLIND,11125497,,complete,,,computer,Desktop or Laptop,Windows 10,Chrome 124.0.0.0,1280x720,1280x551,,,,consent to war.Q,6,ACpass,accepted,agreed,condagree,No,BEGIN QUESTIONNAIRE,
2,1716297081210,21/05/2024 13:11:21,1716297084509,3,21/05/2024 16:11:24,142922,38,questionnaire-hkve,,37768107,BLIND,11125497,,complete,,,computer,Desktop or Laptop,Windows 10,Chrome 124.0.0.0,1280x720,1280x551,,,,consent to war.Q,6,ACpass,accepted,agreed,condagree,No,agreement_war-1,אני מעוניין/ת להמשיך בניסוי
3,1716297081324,21/05/2024 13:11:21,1716297084510,3,21/05/2024 16:11:24,142922,38,questionnaire-hkve,,37768107,BLIND,11125497,,complete,,,computer,Desktop or Laptop,Windows 10,Chrome 124.0.0.0,1280x720,1280x551,,,,consent to war.Q,6,ACpass,accepted,agreed,condagree,No,END QUESTIONNAIRE,9091
1,1716297142386,21/05/2024 13:12:22,1716297141958,3,21/05/2024 16:12:21,142922,38,questionnaire-hkve,,37768135,BLIND,11125516,,complete,,,computer,Desktop or Laptop,Windows 10,Chrome 124.0.0.0,1280x800,1280x631,,,,consent to war.Q,6,ACpass,accepted,agreed,condagree,No,BEGIN QUESTIONNAIRE,
2,1716297149668,21/05/2024 13:12:29,1716297149287,3,21/05/2024 16:12:29,142922,38,questionnaire-hkve,,37768135,BLIND,11125516,,complete,,,computer,Desktop or Laptop,Windows 10,Chrome 124.0.0.0,1280x800,1280x631,,,,consent to war.Q,6,ACpass,accepted,agreed,condagree,No,agreement_war-1,אני מעוניין/ת להמשיך בניסוי
3,1716297149838,21/05/2024 13:12:29,1716297149289,3,21/05/2024 16:12:29,142922,38,questionnaire-hkve,,37768135,BLIND,11125516,,complete,,,computer,Desktop or Laptop,Windows 10,Chrome 124.0.0.0,1280x800,1280x631,,,,consent to war.Q,6,ACpass,accepted,agreed,condagree,No,END QUESTIONNAIRE,7331
1,1716297238000,21/05/2024 13:13:58,1716297228137,3,21/05/2024 16:13:48,142922,38,questionnaire-hkve,,37768169,BLIND,11125525,,complete,,,computer,Desktop or Laptop,Windows 10,Chrome 125.0.0.0,1920x1080,1920x919,,,,consent to war.Q,6,ACpass,accepted,agreed,condagree,No,BEGIN QUESTIONNAIRE,
2,1716297244112,21/05/2024 13:14:04,1716297234301,3,21/05/2024 16:13:54,142922,38,questionnaire-hkve,,37768169,BLIND,11125525,,complete,,,computer,Desktop or Laptop,Windows 10,Chrome 125.0.0.0,1920x1080,1920x919,,,,consent to war.Q,6,ACpass,accepted,agreed,condagree,No,agreement_war-1,אני מעוניין/ת להמשיך בניסוי
3,1716297244241,21/05/2024 13:14:04,1716297234302,3,21/05/2024 16:13:54,142922,38,questionnaire-hkve,,37768169,BLIND,11125525,,complete,,,computer,Desktop or Laptop,Windows 10,Chrome 125.0.0.0,1920x1080,1920x919,,,,consent to war.Q,6,ACpass,accepted,agreed,condagree,No,END QUESTIONNAIRE,6165
1,1716297396315,21/05/2024 13:16:36,1716297395844,3,21/05/2024 16:16:35,142922,38,questionnaire-hkve,,37768225,BLIND,11125538,,complete,,,computer,Desktop or Laptop,Windows 10,Chrome 124.0.0.0,1920x1080,1920x945,,,,consent to war.Q,6,ACpass,accepted,agreed,condagree,No,BEGIN QUESTIONNAIRE,
2,1716297404467,21/05/2024 13:16:44,1716297404055,3,21/05/2024 16:16:44,142922,38,questionnaire-hkve,,37768225,BLIND,11125538,,complete,,,computer,Desktop or Laptop,Windows 10,Chrome 124.0.0.0,1920x1080,1920x945,,,,consent to war.Q,6,ACpass,accepted,agreed,condagree,No,agreement_war-1,אני מעוניין/ת להמשיך בניסוי
3,1716297404608,21/05/2024 13:16:44,1716297404055,3,21/05/2024 16:16:44,142922,38,questionnaire-hkve,,37768225,BLIND,11125538,,complete,,,computer,Desktop or Laptop,Windows 10,Chrome 124.0.0.0,1920x1080,1920x945,,,,consent to war.Q,6,ACpass,accepted,agreed,condagree,No,END QUESTIONNAIRE,8211
1,1716297419022,21/05/2024 13:16:59,1716297418912,3,21/05/2024 16:16:58,142922,38,questionnaire-hkve,,37768236,BLIND,11125520,,complete,,,computer,Desktop or Laptop,Windows 10,Chrome 125.0.0.0,1920x1080,1920x953,,,,consent to war.Q,6,ACpass,accepted,agreed,condagree,No,BEGIN QUESTIONNAIRE,
2,1716297429698,21/05/2024 13:17:09,1716297429628,3,21/05/2024 16:17:09,142922,38,questionnaire-hkve,,37768236,BLIND,11125520,,complete,,,computer,Desktop or Laptop,Windows 10,Chrome 125.0.0.0,1920x1080,1920x953,,,,consent to war.Q,6,ACpass,accepted,agreed,condagree,No,agreement_war-1,אני מעוניין/ת להמשיך בניסוי
3,1716297429857,21/05/2024 13:17:09,1716297429629,3,21/05/2024 16:17:09,142922,38,questionnaire-hkve,,37768236,BLIND,11125520,,complete,,,computer,Desktop or Laptop,Windows 10,Chrome 125.0.0.0,1920x1080,1920x953,,,,consent to war.Q,6,ACpass,accepted,agreed,condagree,No,END QUESTIONNAIRE,10717
1,1716297622392,21/05/2024 13:20:22,1716297623461,3,21/05/2024 16:20:23,142922,38,questionnaire-hkve,,37768299,BLIND,11125571,,complete,,,computer,Desktop or Laptop,Windows 10,Chrome 124.0.0.0,1366x768,1366x641,,,,consent to war.Q,6,ACpass,accepted,agreed,condagree,No,BEGIN QUESTIONNAIRE,
2,1716297627779,21/05/2024 13:20:27,1716297628436,3,21/05/2024 16:20:28,142922,38,questionnaire-hkve,,37768299,BLIND,11125571,,complete,,,computer,Desktop or Laptop,Windows 10,Chrome 124.0.0.0,1366x768,1366x641,,,,consent to war.Q,6,ACpass,accepted,agreed,condagree,No,agreement_war-1,אני מעוניין/ת להמשיך בניסוי
3,1716297627972,21/05/2024 13:20:27,1716297628441,3,21/05/2024 16:20:28,142922,38,questionnaire-hkve,,37768299,BLIND,11125571,,complete,,,computer,Desktop or Laptop,Windows 10,Chrome 124.0.0.0,1366x768,1366x641,,,,consent to war.Q,6,ACpass,accepted,agreed,condagree,No,END QUESTIONNAIRE,4980
1,1716298879695,21/05/2024 13:41:19,1716298879811,3,21/05/2024 16:41:19,142922,38,questionnaire-hkve,,37768779,BLIND,11125708,,complete,,,computer,Desktop or Laptop,Windows 10,Chrome 124.0.0.0,1366x768,1366x641,,,,consent to war.Q,6,ACpass,accepted,agreed,condagree,No,BEGIN QUESTIONNAIRE,
2,1716298888406,21/05/2024 13:41:28,1716298884501,3,21/05/2024 16:41:24,142922,38,questionnaire-hkve,,37768779,BLIND,11125708,,complete,,,computer,Desktop or Laptop,Windows 10,Chrome 124.0.0.0,1366x768,1366x641,,,,consent to war.Q,6,ACpass,accepted,agreed,condagree,No,agreement_war-1,אני מעוניין/ת להמשיך בניסוי
3,1716298888921,21/05/2024 13:41:28,1716298884504,3,21/05/2024 16:41:24,142922,38,questionnaire-hkve,,37768779,BLIND,11125708,,complete,,,computer,Desktop or Laptop,Windows 10,Chrome 124.0.0.0,1366x768,1366x641,,,,consent to war.Q,6,ACpass,accepted,agreed,condagree,No,END QUESTIONNAIRE,4694
1,1716298799721,21/05/2024 13:39:59,1716298799427,3,21/05/2024 16:39:59,142922,38,questionnaire-hkve,,37768788,BLIND,11125700,,complete,,,computer,Desktop or Laptop,Windows 10,Firefox 125.0,1536x864,1536x711,,,,consent to war.Q,6,ACpass,accepted,agreed,condagree,No,BEGIN QUESTIONNAIRE,
2,1716298807938,21/05/2024 13:40:07,1716298807689,3,21/05/2024 16:40:07,142922,38,questionnaire-hkve,,37768788,BLIND,11125700,,complete,,,computer,Desktop or Laptop,Windows 10,Firefox 125.0,1536x864,1536x711,,,,consent to war.Q,6,ACpass,accepted,agreed,condagree,No,agreement_war-1,אני מעוניין/ת להמשיך בניסוי
3,1716298808083,21/05/2024 13:40:08,1716298807690,3,21/05/2024 16:40:07,142922,38,questionnaire-hkve,,37768788,BLIND,11125700,,complete,,,computer,Desktop or Laptop,Windows 10,Firefox 125.0,1536x864,1536x711,,,,consent to war.Q,6,ACpass,accepted,agreed,condagree,No,END QUESTIONNAIRE,8263
1,1716298912705,21/05/2024 13:41:52,1716298915073,3,21/05/2024 16:41:55,142922,38,questionnaire-hkve,,37768825,BLIND,11125724,,complete,,,computer,Desktop or Laptop,Windows 10,Chrome 124.0.0.0,1366x768,1366x641,,,,consent to war.Q,6,ACpass,accepted,agreed,condagree,No,BEGIN QUESTIONNAIRE,
2,1716298917299,21/05/2024 13:41:57,1716298919677,3,21/05/2024 16:41:59,142922,38,questionnaire-hkve,,37768825,BLIND,11125724,,complete,,,computer,Desktop or Laptop,Windows 10,Chrome 124.0.0.0,1366x768,1366x641,,,,consent to war.Q,6,ACpass,accepted,agreed,condagree,No,agreement_war-1,אני מעוניין/ת להמשיך בניסוי
3,1716298917476,21/05/2024 13:41:57,1716298919678,3,21/05/2024 16:41:59,142922,38,questionnaire-hkve,,37768825,BLIND,11125724,,complete,,,computer,Desktop or Laptop,Windows 10,Chrome 124.0.0.0,1366x768,1366x641,,,,consent to war.Q,6,ACpass,accepted,agreed,condagree,No,END QUESTIONNAIRE,4605
1,1716299544420,21/05/2024 13:52:24,1716299547424,3,21/05/2024 16:52:27,142922,38,questionnaire-hkve,,37769019,BLIND,11125780,,complete,,,computer,Desktop or Laptop,Windows 10,Chrome 124.0.0.0,1920x1080,1920x919,,,,consent to war.Q,6,ACpass,accepted,agreed,condagree,No,BEGIN QUESTIONNAIRE,
2,1716299552111,21/05/2024 13:52:32,1716299555143,3,21/05/2024 16:52:35,142922,38,questionnaire-hkve,,37769019,BLIND,11125780,,complete,,,computer,Desktop or Laptop,Windows 10,Chrome 124.0.0.0,1920x1080,1920x919,,,,consent to war.Q,6,ACpass,accepted,agreed,condagree,No,agreement_war-1,אני מעוניין/ת להמשיך בניסוי
3,1716299552216,21/05/2024 13:52:32,1716299555144,3,21/05/2024 16:52:35,142922,38,questionnaire-hkve,,37769019,BLIND,11125780,,complete,,,computer,Desktop or Laptop,Windows 10,Chrome 124.0.0.0,1920x1080,1920x919,,,,consent to war.Q,6,ACpass,accepted,agreed,condagree,No,END QUESTIONNAIRE,7720
1,1716301458586,21/05/2024 14:24:18,1716301458262,3,21/05/2024 17:24:18,142922,38,questionnaire-hkve,,37769608,BLIND,11125972,,complete,,,computer,Desktop or Laptop,Windows 10,Chrome 124.0.0.0,1536x864,1536x703,,,,consent to war.Q,6,ACpass,accepted,agreed,condagree,No,BEGIN QUESTIONNAIRE,
2,1716301469941,21/05/2024 14:24:29,1716301469676,3,21/05/2024 17:24:29,142922,38,questionnaire-hkve,,37769608,BLIND,11125972,,complete,,,computer,Desktop or Laptop,Windows 10,Chrome 124.0.0.0,1536x864,1536x703,,,,consent to war.Q,6,ACpass,accepted,agreed,condagree,No,agreement_war-1,אני מעוניין/ת להמשיך בניסוי
3,1716301470065,21/05/2024 14:24:30,1716301469677,3,21/05/2024 17:24:29,142922,38,questionnaire-hkve,,37769608,BLIND,11125972,,complete,,,computer,Desktop or Laptop,Windows 10,Chrome 124.0.0.0,1536x864,1536x703,,,,consent to war.Q,6,ACpass,accepted,agreed,condagree,No,END QUESTIONNAIRE,11415
1,1716301633896,21/05/2024 14:27:13,1716301633855,2,21/05/2024 16:27:13,142922,38,questionnaire-hkve,,37769655,BLIND,11125979,,complete,,,computer,Desktop or Laptop,Windows 10,Chrome 124.0.0.0,1280x720,1280x559,,,,consent to war.Q,6,ACpass,accepted,agreed,condagree,No,BEGIN QUESTIONNAIRE,
2,1716301642788,21/05/2024 14:27:22,1716301642798,2,21/05/2024 16:27:22,142922,38,questionnaire-hkve,,37769655,BLIND,11125979,,complete,,,computer,Desktop or Laptop,Windows 10,Chrome 124.0.0.0,1280x720,1280x559,,,,consent to war.Q,6,ACpass,accepted,agreed,condagree,No,agreement_war-1,אני מעוניין/ת להמשיך בניסוי
3,1716301642984,21/05/2024 14:27:22,1716301642799,2,21/05/2024 16:27:22,142922,38,questionnaire-hkve,,37769655,BLIND,11125979,,complete,,,computer,Desktop or Laptop,Windows 10,Chrome 124.0.0.0,1280x720,1280x559,,,,consent to war.Q,6,ACpass,accepted,agreed,condagree,No,END QUESTIONNAIRE,8944
1,1716302170789,21/05/2024 14:36:10,1716302168775,3,21/05/2024 17:36:08,142922,38,questionnaire-hkve,,37769848,BLIND,11126038,,complete,,,computer,Desktop or Laptop,Windows 10,Chrome 122.0.0.0,1280x720,1280x559,,,,consent to war.Q,6,ACpass,accepted,agreed,condagree,No,BEGIN QUESTIONNAIRE,
2,1716302186033,21/05/2024 14:36:26,1716302184037,3,21/05/2024 17:36:24,142922,38,questionnaire-hkve,,37769848,BLIND,11126038,,complete,,,computer,Desktop or Laptop,Windows 10,Chrome 122.0.0.0,1280x720,1280x559,,,,consent to war.Q,6,ACpass,accepted,agreed,condagree,No,agreement_war-1,אני מעוניין/ת להמשיך בניסוי
3,1716302186264,21/05/2024 14:36:26,1716302184039,3,21/05/2024 17:36:24,142922,38,questionnaire-hkve,,37769848,BLIND,11126038,,complete,,,computer,Desktop or Laptop,Windows 10,Chrome 122.0.0.0,1280x720,1280x559,,,,consent to war.Q,6,ACpass,accepted,agreed,condagree,No,END QUESTIONNAIRE,15264
1,1716303572370,21/05/2024 14:59:32,1716303572217,3,21/05/2024 17:59:32,142922,38,questionnaire-hkve,,37770323,BLIND,11126232,,complete,,,computer,Desktop or Laptop,Windows 10,Chrome 124.0.0.0,1920x1080,1920x911,,,,consent to war.Q,6,ACpass,accepted,agreed,condagree,No,BEGIN QUESTIONNAIRE,
2,1716303581150,21/05/2024 14:59:41,1716303581033,3,21/05/2024 17:59:41,142922,38,questionnaire-hkve,,37770323,BLIND,11126232,,complete,,,computer,Desktop or Laptop,Windows 10,Chrome 124.0.0.0,1920x1080,1920x911,,,,consent to war.Q,6,ACpass,accepted,agreed,condagree,No,agreement_war-1,אני מעוניין/ת להמשיך בניסוי
3,1716303581247,21/05/2024 14:59:41,1716303581034,3,21/05/2024 17:59:41,142922,38,questionnaire-hkve,,37770323,BLIND,11126232,,complete,,,computer,Desktop or Laptop,Windows 10,Chrome 124.0.0.0,1920x1080,1920x911,,,,consent to war.Q,6,ACpass,accepted,agreed,condagree,No,END QUESTIONNAIRE,8817
1,1716304566570,21/05/2024 15:16:06,1716304567947,3,21/05/2024 18:16:07,142922,38,questionnaire-hkve,,37770632,BLIND,11126372,,complete,,,computer,Desktop or Laptop,Windows 10,Chrome 124.0.0.0,1280x720,1280x593,,,,consent to war.Q,6,ACpass,accepted,agreed,condagree,No,BEGIN QUESTIONNAIRE,
2,1716304574303,21/05/2024 15:16:14,1716304575725,3,21/05/2024 18:16:15,142922,38,questionnaire-hkve,,37770632,BLIND,11126372,,complete,,,computer,Desktop or Laptop,Windows 10,Chrome 124.0.0.0,1280x720,1280x593,,,,consent to war.Q,6,ACpass,accepted,agreed,condagree,No,agreement_war-1,אני מעוניין/ת להמשיך בניסוי
3,1716304574442,21/05/2024 15:16:14,1716304575726,3,21/05/2024 18:16:15,142922,38,questionnaire-hkve,,37770632,BLIND,11126372,,complete,,,computer,Desktop or Laptop,Windows 10,Chrome 124.0.0.0,1280x720,1280x593,,,,consent to war.Q,6,ACpass,accepted,agreed,condagree,No,END QUESTIONNAIRE,7779
1,1716304766561,21/05/2024 15:19:26,1716304768331,3,21/05/2024 18:19:28,142922,38,questionnaire-hkve,,37770677,BLIND,11126396,,complete,,,computer,Desktop or Laptop,Windows 10,Chrome 124.0.0.0,1280x720,1280x551,,,,consent to war.Q,6,ACpass,accepted,agreed,condagree,No,BEGIN QUESTIONNAIRE,
2,1716304771724,21/05/2024 15:19:31,1716304773532,3,21/05/2024 18:19:33,142922,38,questionnaire-hkve,,37770677,BLIND,11126396,,complete,,,computer,Desktop or Laptop,Windows 10,Chrome 124.0.0.0,1280x720,1280x551,,,,consent to war.Q,6,ACpass,accepted,agreed,condagree,No,agreement_war-1,אני מעוניין/ת להמשיך בניסוי
3,1716304771843,21/05/2024 15:19:31,1716304773535,3,21/05/2024 18:19:33,142922,38,questionnaire-hkve,,37770677,BLIND,11126396,,complete,,,computer,Desktop or Laptop,Windows 10,Chrome 124.0.0.0,1280x720,1280x551,,,,consent to war.Q,6,ACpass,accepted,agreed,condagree,No,END QUESTIONNAIRE,5204
1,1716304800640,21/05/2024 15:20:00,1716304800133,3,21/05/2024 18:20:00,142922,38,questionnaire-hkve,,37770691,BLIND,11126407,,complete,,,computer,Desktop or Laptop,Windows 10,Chrome 125.0.0.0,1920x1080,1920x919,,,,consent to war.Q,6,ACpass,accepted,agreed,condagree,No,BEGIN QUESTIONNAIRE,
2,1716304812189,21/05/2024 15:20:12,1716304811726,3,21/05/2024 18:20:11,142922,38,questionnaire-hkve,,37770691,BLIND,11126407,,complete,,,computer,Desktop or Laptop,Windows 10,Chrome 125.0.0.0,1920x1080,1920x919,,,,consent to war.Q,6,ACpass,accepted,agreed,condagree,No,agreement_war-1,אני מעוניין/ת להמשיך בניסוי
3,1716304812296,21/05/2024 15:20:12,1716304811727,3,21/05/2024 18:20:11,142922,38,questionnaire-hkve,,37770691,BLIND,11126407,,complete,,,computer,Desktop or Laptop,Windows 10,Chrome 125.0.0.0,1920x1080,1920x919,,,,consent to war.Q,6,ACpass,accepted,agreed,condagree,No,END QUESTIONNAIRE,11594
1,1716305278792,21/05/2024 15:27:58,1716305278749,3,21/05/2024 18:27:58,142922,38,questionnaire-hkve,,37770815,BLIND,11126458,,complete,,,computer,Desktop or Laptop,Windows 10,Chrome 123.0.0.0,1280x720,1280x593,,,,consent to war.Q,6,ACpass,accepted,agreed,condagree,No,BEGIN QUESTIONNAIRE,
2,1716305289762,21/05/2024 15:28:09,1716305289541,3,21/05/2024 18:28:09,142922,38,questionnaire-hkve,,37770815,BLIND,11126458,,complete,,,computer,Desktop or Laptop,Windows 10,Chrome 123.0.0.0,1280x720,1280x593,,,,consent to war.Q,6,ACpass,accepted,agreed,condagree,No,agreement_war-1,אני מעוניין/ת להמשיך בניסוי
3,1716305289877,21/05/2024 15:28:09,1716305289542,3,21/05/2024 18:28:09,142922,38,questionnaire-hkve,,37770815,BLIND,11126458,,complete,,,computer,Desktop or Laptop,Windows 10,Chrome 123.0.0.0,1280x720,1280x593,,,,consent to war.Q,6,ACpass,accepted,agreed,condagree,No,END QUESTIONNAIRE,10793
1,1716306183701,21/05/2024 15:43:03,1716306179995,3,21/05/2024 18:42:59,142922,38,questionnaire-hkve,,37771191,BLIND,11126551,,complete,,,computer,Desktop or Laptop,Windows 10,Chrome 124.0.0.0,2195x1235,1254x609,,,,consent to war.Q,6,ACpass,accepted,agreed,condagree,No,BEGIN QUESTIONNAIRE,
2,1716306193166,21/05/2024 15:43:13,1716306189478,3,21/05/2024 18:43:09,142922,38,questionnaire-hkve,,37771191,BLIND,11126551,,complete,,,computer,Desktop or Laptop,Windows 10,Chrome 124.0.0.0,2195x1235,1254x609,,,,consent to war.Q,6,ACpass,accepted,agreed,condagree,No,agreement_war-1,אני מעוניין/ת להמשיך בניסוי
3,1716306193290,21/05/2024 15:43:13,1716306189479,3,21/05/2024 18:43:09,142922,38,questionnaire-hkve,,37771191,BLIND,11126551,,complete,,,computer,Desktop or Laptop,Windows 10,Chrome 124.0.0.0,2195x1235,1254x609,,,,consent to war.Q,6,ACpass,accepted,agreed,condagree,No,END QUESTIONNAIRE,9484
1,1716306191299,21/05/2024 15:43:11,1716306187811,3,21/05/2024 18:43:07,142922,38,questionnaire-hkve,,37771193,BLIND,11126597,,complete,,,computer,Desktop or Laptop,Windows 10,Edge 124.0.0.0,1536x864,1528x716,,,,consent to war.Q,6,ACpass,accepted,agreed,condagree,No,BEGIN QUESTIONNAIRE,
2,1716306196727,21/05/2024 15:43:16,1716306193281,3,21/05/2024 18:43:13,142922,38,questionnaire-hkve,,37771193,BLIND,11126597,,complete,,,computer,Desktop or Laptop,Windows 10,Edge 124.0.0.0,1536x864,1528x716,,,,consent to war.Q,6,ACpass,accepted,agreed,condagree,No,agreement_war-1,אני מעוניין/ת להמשיך בניסוי
3,1716306196850,21/05/2024 15:43:16,1716306193283,3,21/05/2024 18:43:13,142922,38,questionnaire-hkve,,37771193,BLIND,11126597,,complete,,,computer,Desktop or Laptop,Windows 10,Edge 124.0.0.0,1536x864,1528x716,,,,consent to war.Q,6,ACpass,accepted,agreed,condagree,No,END QUESTIONNAIRE,5472
1,1716306373435,21/05/2024 15:46:13,1716306323919,3,21/05/2024 18:45:23,142922,38,questionnaire-hkve,,37771291,BLIND,11126549,,complete,,,computer,Desktop or Laptop,Windows 10,Chrome 124.0.0.0,1920x1080,1499x935,,,,consent to war.Q,6,ACpass,accepted,agreed,condagree,No,BEGIN QUESTIONNAIRE,
2,1716306377836,21/05/2024 15:46:17,1716306328340,3,21/05/2024 18:45:28,142922,38,questionnaire-hkve,,37771291,BLIND,11126549,,complete,,,computer,Desktop or Laptop,Windows 10,Chrome 124.0.0.0,1920x1080,1499x935,,,,consent to war.Q,6,ACpass,accepted,agreed,condagree,No,agreement_war-1,אני מעוניין/ת להמשיך בניסוי
3,1716306377941,21/05/2024 15:46:17,1716306328341,3,21/05/2024 18:45:28,142922,38,questionnaire-hkve,,37771291,BLIND,11126549,,complete,,,computer,Desktop or Laptop,Windows 10,Chrome 124.0.0.0,1920x1080,1499x935,,,,consent to war.Q,6,ACpass,accepted,agreed,condagree,No,END QUESTIONNAIRE,4422
1,1716308581598,21/05/2024 16:23:01,1716308579373,3,21/05/2024 19:22:59,142922,38,questionnaire-hkve,,37772128,BLIND,11126814,,complete,,,computer,Desktop or Laptop,Windows 10,Chrome 124.0.0.0,1366x768,1366x599,,,,consent to war.Q,6,ACpass,accepted,agreed,condagree,No,BEGIN QUESTIONNAIRE,
2,1716308586181,21/05/2024 16:23:06,1716308583979,3,21/05/2024 19:23:03,142922,38,questionnaire-hkve,,37772128,BLIND,11126814,,complete,,,computer,Desktop or Laptop,Windows 10,Chrome 124.0.0.0,1366x768,1366x599,,,,consent to war.Q,6,ACpass,accepted,agreed,condagree,No,agreement_war-1,אני מעוניין/ת להמשיך בניסוי
3,1716308586321,21/05/2024 16:23:06,1716308583980,3,21/05/2024 19:23:03,142922,38,questionnaire-hkve,,37772128,BLIND,11126814,,complete,,,computer,Desktop or Laptop,Windows 10,Chrome 124.0.0.0,1366x768,1366x599,,,,consent to war.Q,6,ACpass,accepted,agreed,condagree,No,END QUESTIONNAIRE,4607
1,1716308758854,21/05/2024 16:25:58,1716308758693,3,21/05/2024 19:25:58,142922,38,questionnaire-hkve,,37772229,BLIND,11126831,,complete,,,computer,Desktop or Laptop,Windows 10,Chrome 124.0.0.0,1280x720,1280x551,,,,consent to war.Q,6,ACpass,accepted,agreed,condagree,No,BEGIN QUESTIONNAIRE,
2,1716308764922,21/05/2024 16:26:04,1716308764794,3,21/05/2024 19:26:04,142922,38,questionnaire-hkve,,37772229,BLIND,11126831,,complete,,,computer,Desktop or Laptop,Windows 10,Chrome 124.0.0.0,1280x720,1280x551,,,,consent to war.Q,6,ACpass,accepted,agreed,condagree,No,agreement_war-1,אני מעוניין/ת להמשיך בניסוי
3,1716308765134,21/05/2024 16:26:05,1716308764796,3,21/05/2024 19:26:04,142922,38,questionnaire-hkve,,37772229,BLIND,11126831,,complete,,,computer,Desktop or Laptop,Windows 10,Chrome 124.0.0.0,1280x720,1280x551,,,,consent to war.Q,6,ACpass,accepted,agreed,condagree,No,END QUESTIONNAIRE,6103
1,1716308758557,21/05/2024 16:25:58,1716308756872,1,21/05/2024 17:25:56,142922,38,questionnaire-hkve,,37772230,BLIND,11126852,,complete,,,computer,Desktop or Laptop,Windows 10,Chrome 124.0.0.0,1920x1080,1920x953,,,,consent to war.Q,6,ACpass,accepted,agreed,condagree,No,BEGIN QUESTIONNAIRE,
2,1716308764395,21/05/2024 16:26:04,1716308762661,1,21/05/2024 17:26:02,142922,38,questionnaire-hkve,,37772230,BLIND,11126852,,complete,,,computer,Desktop or Laptop,Windows 10,Chrome 124.0.0.0,1920x1080,1920x953,,,,consent to war.Q,6,ACpass,accepted,agreed,condagree,No,agreement_war-1,אני מעוניין/ת להמשיך בניסוי
3,1716308764482,21/05/2024 16:26:04,1716308762662,1,21/05/2024 17:26:02,142922,38,questionnaire-hkve,,37772230,BLIND,11126852,,complete,,,computer,Desktop or Laptop,Windows 10,Chrome 124.0.0.0,1920x1080,1920x953,,,,consent to war.Q,6,ACpass,accepted,agreed,condagree,No,END QUESTIONNAIRE,5790
1,1716308844923,21/05/2024 16:27:24,1716308844807,3,21/05/2024 19:27:24,142922,38,questionnaire-hkve,,37772282,BLIND,11126863,,complete,,,computer,Desktop or Laptop,Windows 10,Chrome 124.0.0.0,1920x1080,1920x911,,,,consent to war.Q,6,ACpass,accepted,agreed,condagree,No,BEGIN QUESTIONNAIRE,
2,1716308853577,21/05/2024 16:27:33,1716308853504,3,21/05/2024 19:27:33,142922,38,questionnaire-hkve,,37772282,BLIND,11126863,,complete,,,computer,Desktop or Laptop,Windows 10,Chrome 124.0.0.0,1920x1080,1920x911,,,,consent to war.Q,6,ACpass,accepted,agreed,condagree,No,agreement_war-1,אני מעוניין/ת להמשיך בניסוי
3,1716308853678,21/05/2024 16:27:33,1716308853505,3,21/05/2024 19:27:33,142922,38,questionnaire-hkve,,37772282,BLIND,11126863,,complete,,,computer,Desktop or Laptop,Windows 10,Chrome 124.0.0.0,1920x1080,1920x911,,,,consent to war.Q,6,ACpass,accepted,agreed,condagree,No,END QUESTIONNAIRE,8698
1,1716308888323,21/05/2024 16:28:08,1716308887631,3,21/05/2024 19:28:07,142922,38,questionnaire-hkve,,37772308,BLIND,11126866,,complete,,,computer,Desktop or Laptop,Windows 10,Chrome 124.0.0.0,1536x864,1536x730,,,,consent to war.Q,6,ACpass,accepted,agreed,condagree,No,BEGIN QUESTIONNAIRE,
2,1716308893394,21/05/2024 16:28:13,1716308892750,3,21/05/2024 19:28:12,142922,38,questionnaire-hkve,,37772308,BLIND,11126866,,complete,,,computer,Desktop or Laptop,Windows 10,Chrome 124.0.0.0,1536x864,1536x730,,,,consent to war.Q,6,ACpass,accepted,agreed,condagree,No,agreement_war-1,אני מעוניין/ת להמשיך בניסוי
3,1716308893505,21/05/2024 16:28:13,1716308892751,3,21/05/2024 19:28:12,142922,38,questionnaire-hkve,,37772308,BLIND,11126866,,complete,,,computer,Desktop or Laptop,Windows 10,Chrome 124.0.0.0,1536x864,1536x730,,,,consent to war.Q,6,ACpass,accepted,agreed,condagree,No,END QUESTIONNAIRE,5120
1,1716309428589,21/05/2024 16:37:08,1716309478225,3,21/05/2024 19:37:58,142922,38,questionnaire-hkve,,37772510,BLIND,11126872,,complete,,,computer,Desktop or Laptop,Windows 10,Chrome 124.0.0.0,1920x1200,1920x1073,,,,consent to war.Q,6,ACpass,accepted,agreed,condagree,No,BEGIN QUESTIONNAIRE,
2,1716309437134,21/05/2024 16:37:17,1716309486833,3,21/05/2024 19:38:06,142922,38,questionnaire-hkve,,37772510,BLIND,11126872,,complete,,,computer,Desktop or Laptop,Windows 10,Chrome 124.0.0.0,1920x1200,1920x1073,,,,consent to war.Q,6,ACpass,accepted,agreed,condagree,No,agreement_war-1,אני מעוניין/ת להמשיך בניסוי
3,1716309437261,21/05/2024 16:37:17,1716309486835,3,21/05/2024 19:38:06,142922,38,questionnaire-hkve,,37772510,BLIND,11126872,,complete,,,computer,Desktop or Laptop,Windows 10,Chrome 124.0.0.0,1920x1200,1920x1073,,,,consent to war.Q,6,ACpass,accepted,agreed,condagree,No,END QUESTIONNAIRE,8610
1,1716310117220,21/05/2024 16:48:37,1716310117449,3,21/05/2024 19:48:37,142922,38,questionnaire-hkve,,37772790,BLIND,11127001,,complete,,,computer,Desktop or Laptop,Windows 10,Chrome 124.0.0.0,1536x864,1536x695,,,,consent to war.Q,6,ACpass,accepted,agreed,condagree,No,BEGIN QUESTIONNAIRE,
2,1716310125110,21/05/2024 16:48:45,1716310125365,3,21/05/2024 19:48:45,142922,38,questionnaire-hkve,,37772790,BLIND,11127001,,complete,,,computer,Desktop or Laptop,Windows 10,Chrome 124.0.0.0,1536x864,1536x695,,,,consent to war.Q,6,ACpass,accepted,agreed,condagree,No,agreement_war-1,אני מעוניין/ת להמשיך בניסוי
3,1716310125232,21/05/2024 16:48:45,1716310125367,3,21/05/2024 19:48:45,142922,38,questionnaire-hkve,,37772790,BLIND,11127001,,complete,,,computer,Desktop or Laptop,Windows 10,Chrome 124.0.0.0,1536x864,1536x695,,,,consent to war.Q,6,ACpass,accepted,agreed,condagree,No,END QUESTIONNAIRE,7918
1,1716310356442,21/05/2024 16:52:36,1716310358474,3,21/05/2024 19:52:38,142922,38,questionnaire-hkve,,37772902,BLIND,11127004,,complete,,,computer,Desktop or Laptop,Windows 10,Chrome 123.0.0.0,1360x768,1360x607,,,,consent to war.Q,6,ACpass,accepted,agreed,condagree,No,BEGIN QUESTIONNAIRE,
2,1716310364563,21/05/2024 16:52:44,1716310366638,3,21/05/2024 19:52:46,142922,38,questionnaire-hkve,,37772902,BLIND,11127004,,complete,,,computer,Desktop or Laptop,Windows 10,Chrome 123.0.0.0,1360x768,1360x607,,,,consent to war.Q,6,ACpass,accepted,agreed,condagree,No,agreement_war-1,אני מעוניין/ת להמשיך בניסוי
3,1716310364708,21/05/2024 16:52:44,1716310366639,3,21/05/2024 19:52:46,142922,38,questionnaire-hkve,,37772902,BLIND,11127004,,complete,,,computer,Desktop or Laptop,Windows 10,Chrome 123.0.0.0,1360x768,1360x607,,,,consent to war.Q,6,ACpass,accepted,agreed,condagree,No,END QUESTIONNAIRE,8165
1,1716310507725,21/05/2024 16:55:07,1716310506686,3,21/05/2024 19:55:06,142922,38,questionnaire-hkve,,37772952,BLIND,11127025,,complete,,,computer,Desktop or Laptop,Windows 10,Edge 124.0.0.0,1536x864,1488x742,,,,consent to war.Q,6,ACpass,accepted,agreed,condagree,No,BEGIN QUESTIONNAIRE,
2,1716310515156,21/05/2024 16:55:15,1716310514136,3,21/05/2024 19:55:14,142922,38,questionnaire-hkve,,37772952,BLIND,11127025,,complete,,,computer,Desktop or Laptop,Windows 10,Edge 124.0.0.0,1536x864,1488x742,,,,consent to war.Q,6,ACpass,accepted,agreed,condagree,No,agreement_war-1,אני מעוניין/ת להמשיך בניסוי
3,1716310515341,21/05/2024 16:55:15,1716310514139,3,21/05/2024 19:55:14,142922,38,questionnaire-hkve,,37772952,BLIND,11127025,,complete,,,computer,Desktop or Laptop,Windows 10,Edge 124.0.0.0,1536x864,1488x742,,,,consent to war.Q,6,ACpass,accepted,agreed,condagree,No,END QUESTIONNAIRE,7453
1,1716310527465,21/05/2024 16:55:27,1716310526268,3,21/05/2024 19:55:26,142922,38,questionnaire-hkve,,37772957,BLIND,11126909,,complete,,,computer,Desktop or Laptop,Windows 10,Chrome 125.0.0.0,1536x864,1536x738,,,,consent to war.Q,6,ACpass,accepted,agreed,condagree,No,BEGIN QUESTIONNAIRE,
2,1716310533885,21/05/2024 16:55:33,1716310532733,3,21/05/2024 19:55:32,142922,38,questionnaire-hkve,,37772957,BLIND,11126909,,complete,,,computer,Desktop or Laptop,Windows 10,Chrome 125.0.0.0,1536x864,1536x738,,,,consent to war.Q,6,ACpass,accepted,agreed,condagree,No,agreement_war-1,אני מעוניין/ת להמשיך בניסוי
3,1716310534000,21/05/2024 16:55:34,1716310532734,3,21/05/2024 19:55:32,142922,38,questionnaire-hkve,,37772957,BLIND,11126909,,complete,,,computer,Desktop or Laptop,Windows 10,Chrome 125.0.0.0,1536x864,1536x738,,,,consent to war.Q,6,ACpass,accepted,agreed,condagree,No,END QUESTIONNAIRE,6466
1,1716310708334,21/05/2024 16:58:28,1716310709680,3,21/05/2024 19:58:29,142922,38,questionnaire-hkve,,37773019,BLIND,11127027,,complete,,,computer,Desktop or Laptop,Windows 10,Chrome 124.0.0.0,1536x864,1536x703,,,,consent to war.Q,6,ACpass,accepted,agreed,condagree,No,BEGIN QUESTIONNAIRE,
2,1716310719700,21/05/2024 16:58:39,1716310721108,3,21/05/2024 19:58:41,142922,38,questionnaire-hkve,,37773019,BLIND,11127027,,complete,,,computer,Desktop or Laptop,Windows 10,Chrome 124.0.0.0,1536x864,1536x703,,,,consent to war.Q,6,ACpass,accepted,agreed,condagree,No,agreement_war-1,אני מעוניין/ת להמשיך בניסוי
3,1716310719822,21/05/2024 16:58:39,1716310721109,3,21/05/2024 19:58:41,142922,38,questionnaire-hkve,,37773019,BLIND,11127027,,complete,,,computer,Desktop or Laptop,Windows 10,Chrome 124.0.0.0,1536x864,1536x703,,,,consent to war.Q,6,ACpass,accepted,agreed,condagree,No,END QUESTIONNAIRE,11429
1,1716311995460,21/05/2024 17:19:55,1716311996106,3,21/05/2024 20:19:56,142922,38,questionnaire-hkve,,37773473,BLIND,11127136,,complete,,,computer,Desktop or Laptop,Windows 10,Chrome 124.0.0.0,1536x864,1536x695,,,,consent to war.Q,6,ACpass,accepted,agreed,condagree,No,BEGIN QUESTIONNAIRE,
2,1716312003758,21/05/2024 17:20:03,1716312004411,3,21/05/2024 20:20:04,142922,38,questionnaire-hkve,,37773473,BLIND,11127136,,complete,,,computer,Desktop or Laptop,Windows 10,Chrome 124.0.0.0,1536x864,1536x695,,,,consent to war.Q,6,ACpass,accepted,agreed,condagree,No,agreement_war-1,אני מעוניין/ת להמשיך בניסוי
3,1716312003916,21/05/2024 17:20:03,1716312004413,3,21/05/2024 20:20:04,142922,38,questionnaire-hkve,,37773473,BLIND,11127136,,complete,,,computer,Desktop or Laptop,Windows 10,Chrome 124.0.0.0,1536x864,1536x695,,,,consent to war.Q,6,ACpass,accepted,agreed,condagree,No,END QUESTIONNAIRE,8307
1,1716312680513,21/05/2024 17:31:20,1716312680399,3,21/05/2024 20:31:20,142922,38,questionnaire-hkve,,37773768,BLIND,11127192,,complete,,,computer,Desktop or Laptop,Windows 10,Edge 116.0.1938.76,1920x1080,1872x929,,,,consent to war.Q,6,ACpass,accepted,agreed,condagree,No,BEGIN QUESTIONNAIRE,
2,1716312692327,21/05/2024 17:31:32,1716312692245,3,21/05/2024 20:31:32,142922,38,questionnaire-hkve,,37773768,BLIND,11127192,,complete,,,computer,Desktop or Laptop,Windows 10,Edge 116.0.1938.76,1920x1080,1872x929,,,,consent to war.Q,6,ACpass,accepted,agreed,condagree,No,agreement_war-1,אני מעוניין/ת להמשיך בניסוי
3,1716312692443,21/05/2024 17:31:32,1716312692246,3,21/05/2024 20:31:32,142922,38,questionnaire-hkve,,37773768,BLIND,11127192,,complete,,,computer,Desktop or Laptop,Windows 10,Edge 116.0.1938.76,1920x1080,1872x929,,,,consent to war.Q,6,ACpass,accepted,agreed,condagree,No,END QUESTIONNAIRE,11847
1,1716312730603,21/05/2024 17:32:10,1716312732755,3,21/05/2024 20:32:12,142922,38,questionnaire-hkve,,37773794,BLIND,11127222,,complete,,,computer,Desktop or Laptop,Windows 10,Chrome 125.0.0.0,1280x720,1280x551,,,,consent to war.Q,6,ACpass,accepted,agreed,condagree,No,BEGIN QUESTIONNAIRE,
2,1716312735057,21/05/2024 17:32:15,1716312737269,3,21/05/2024 20:32:17,142922,38,questionnaire-hkve,,37773794,BLIND,11127222,,complete,,,computer,Desktop or Laptop,Windows 10,Chrome 125.0.0.0,1280x720,1280x551,,,,consent to war.Q,6,ACpass,accepted,agreed,condagree,No,agreement_war-1,אני מעוניין/ת להמשיך בניסוי
3,1716312735177,21/05/2024 17:32:15,1716312737269,3,21/05/2024 20:32:17,142922,38,questionnaire-hkve,,37773794,BLIND,11127222,,complete,,,computer,Desktop or Laptop,Windows 10,Chrome 125.0.0.0,1280x720,1280x551,,,,consent to war.Q,6,ACpass,accepted,agreed,condagree,No,END QUESTIONNAIRE,4514
1,1716314314196,21/05/2024 17:58:34,1716314313821,3,21/05/2024 20:58:33,142922,38,questionnaire-hkve,,37774343,BLIND,11127342,,complete,,,computer,Desktop or Laptop,Windows 10,Edge 124.0.0.0,1920x1080,1872x958,,,,consent to war.Q,6,ACpass,accepted,agreed,condagree,No,BEGIN QUESTIONNAIRE,
2,1716314319669,21/05/2024 17:58:39,1716314319353,3,21/05/2024 20:58:39,142922,38,questionnaire-hkve,,37774343,BLIND,11127342,,complete,,,computer,Desktop or Laptop,Windows 10,Edge 124.0.0.0,1920x1080,1872x958,,,,consent to war.Q,6,ACpass,accepted,agreed,condagree,No,agreement_war-1,אני מעוניין/ת להמשיך בניסוי
3,1716314319769,21/05/2024 17:58:39,1716314319354,3,21/05/2024 20:58:39,142922,38,questionnaire-hkve,,37774343,BLIND,11127342,,complete,,,computer,Desktop or Laptop,Windows 10,Edge 124.0.0.0,1920x1080,1872x958,,,,consent to war.Q,6,ACpass,accepted,agreed,condagree,No,END QUESTIONNAIRE,5533
1,1716314713952,21/05/2024 18:05:13,1716314713871,3,21/05/2024 21:05:13,142922,38,questionnaire-hkve,,37774416,BLIND,11127372,,complete,,,computer,Desktop or Laptop,Windows 10,Chrome 125.0.0.0,1536x864,1536x730,,,,consent to war.Q,6,ACpass,accepted,agreed,condagree,No,BEGIN QUESTIONNAIRE,
2,1716314723403,21/05/2024 18:05:23,1716314723133,3,21/05/2024 21:05:23,142922,38,questionnaire-hkve,,37774416,BLIND,11127372,,complete,,,computer,Desktop or Laptop,Windows 10,Chrome 125.0.0.0,1536x864,1536x730,,,,consent to war.Q,6,ACpass,accepted,agreed,condagree,No,agreement_war-1,אני מעוניין/ת להמשיך בניסוי
3,1716314723522,21/05/2024 18:05:23,1716314723134,3,21/05/2024 21:05:23,142922,38,questionnaire-hkve,,37774416,BLIND,11127372,,complete,,,computer,Desktop or Laptop,Windows 10,Chrome 125.0.0.0,1536x864,1536x730,,,,consent to war.Q,6,ACpass,accepted,agreed,condagree,No,END QUESTIONNAIRE,9263
1,1716314792866,21/05/2024 18:06:32,1716314792942,3,21/05/2024 21:06:32,142922,38,questionnaire-hkve,,37774441,BLIND,11127385,,complete,,,computer,Desktop or Laptop,Windows 10,Chrome 124.0.0.0,1536x864,1536x730,,,,consent to war.Q,6,ACpass,accepted,agreed,condagree,No,BEGIN QUESTIONNAIRE,
2,1716314798806,21/05/2024 18:06:38,1716314798915,3,21/05/2024 21:06:38,142922,38,questionnaire-hkve,,37774441,BLIND,11127385,,complete,,,computer,Desktop or Laptop,Windows 10,Chrome 124.0.0.0,1536x864,1536x730,,,,consent to war.Q,6,ACpass,accepted,agreed,condagree,No,agreement_war-1,אני מעוניין/ת להמשיך בניסוי
3,1716314798921,21/05/2024 18:06:38,1716314798918,3,21/05/2024 21:06:38,142922,38,questionnaire-hkve,,37774441,BLIND,11127385,,complete,,,computer,Desktop or Laptop,Windows 10,Chrome 124.0.0.0,1536x864,1536x730,,,,consent to war.Q,6,ACpass,accepted,agreed,condagree,No,END QUESTIONNAIRE,5976
1,1716316043613,21/05/2024 18:27:23,1716316043471,3,21/05/2024 21:27:23,142922,38,questionnaire-hkve,,37774976,BLIND,11127531,,complete,,,computer,Desktop or Laptop,Windows 10,Chrome 124.0.0.0,1920x1080,1920x911,,,,consent to war.Q,6,ACpass,accepted,agreed,condagree,No,BEGIN QUESTIONNAIRE,
2,1716316049305,21/05/2024 18:27:29,1716316049205,3,21/05/2024 21:27:29,142922,38,questionnaire-hkve,,37774976,BLIND,11127531,,complete,,,computer,Desktop or Laptop,Windows 10,Chrome 124.0.0.0,1920x1080,1920x911,,,,consent to war.Q,6,ACpass,accepted,agreed,condagree,No,agreement_war-1,אני מעוניין/ת להמשיך בניסוי
3,1716316049419,21/05/2024 18:27:29,1716316049206,3,21/05/2024 21:27:29,142922,38,questionnaire-hkve,,37774976,BLIND,11127531,,complete,,,computer,Desktop or Laptop,Windows 10,Chrome 124.0.0.0,1920x1080,1920x911,,,,consent to war.Q,6,ACpass,accepted,agreed,condagree,No,END QUESTIONNAIRE,5735
1,1716317484274,21/05/2024 18:51:24,1716317426935,3,21/05/2024 21:50:26,142922,38,questionnaire-hkve,,37775428,BLIND,11127647,,complete,,,computer,Desktop or Laptop,Windows 10,Chrome 124.0.0.0,1280x720,1280x559,,,,consent to war.Q,6,ACpass,accepted,agreed,condagree,No,BEGIN QUESTIONNAIRE,
2,1716317491143,21/05/2024 18:51:31,1716317433846,3,21/05/2024 21:50:33,142922,38,questionnaire-hkve,,37775428,BLIND,11127647,,complete,,,computer,Desktop or Laptop,Windows 10,Chrome 124.0.0.0,1280x720,1280x559,,,,consent to war.Q,6,ACpass,accepted,agreed,condagree,No,agreement_war-1,אני מעוניין/ת להמשיך בניסוי
3,1716317491272,21/05/2024 18:51:31,1716317433847,3,21/05/2024 21:50:33,142922,38,questionnaire-hkve,,37775428,BLIND,11127647,,complete,,,computer,Desktop or Laptop,Windows 10,Chrome 124.0.0.0,1280x720,1280x559,,,,consent to war.Q,6,ACpass,accepted,agreed,condagree,No,END QUESTIONNAIRE,6912
1,1716317592707,21/05/2024 18:53:12,1716317595859,3,21/05/2024 21:53:15,142922,38,questionnaire-hkve,,37775453,BLIND,11127651,,complete,,,computer,Desktop or Laptop,Windows 10,Chrome 124.0.0.0,1536x864,1536x695,,,,consent to war.Q,6,ACpass,accepted,agreed,condagree,No,BEGIN QUESTIONNAIRE,
2,1716317602104,21/05/2024 18:53:22,1716317605278,3,21/05/2024 21:53:25,142922,38,questionnaire-hkve,,37775453,BLIND,11127651,,complete,,,computer,Desktop or Laptop,Windows 10,Chrome 124.0.0.0,1536x864,1536x695,,,,consent to war.Q,6,ACpass,accepted,agreed,condagree,No,agreement_war-1,אני מעוניין/ת להמשיך בניסוי
3,1716317602219,21/05/2024 18:53:22,1716317605279,3,21/05/2024 21:53:25,142922,38,questionnaire-hkve,,37775453,BLIND,11127651,,complete,,,computer,Desktop or Laptop,Windows 10,Chrome 124.0.0.0,1536x864,1536x695,,,,consent to war.Q,6,ACpass,accepted,agreed,condagree,No,END QUESTIONNAIRE,9420
1,1716317771086,21/05/2024 18:56:11,1716317774097,3,21/05/2024 21:56:14,142922,38,questionnaire-hkve,,37775519,BLIND,11127872,,complete,,,computer,Desktop or Laptop,Windows 10,Chrome 125.0.0.0,1920x1080,1920x953,,,,consent to war.Q,6,ACpass,accepted,agreed,condagree,No,BEGIN QUESTIONNAIRE,
2,1716317778573,21/05/2024 18:56:18,1716317781619,3,21/05/2024 21:56:21,142922,38,questionnaire-hkve,,37775519,BLIND,11127872,,complete,,,computer,Desktop or Laptop,Windows 10,Chrome 125.0.0.0,1920x1080,1920x953,,,,consent to war.Q,6,ACpass,accepted,agreed,condagree,No,agreement_war-1,אני מעוניין/ת להמשיך בניסוי
3,1716317778691,21/05/2024 18:56:18,1716317781620,3,21/05/2024 21:56:21,142922,38,questionnaire-hkve,,37775519,BLIND,11127872,,complete,,,computer,Desktop or Laptop,Windows 10,Chrome 125.0.0.0,1920x1080,1920x953,,,,consent to war.Q,6,ACpass,accepted,agreed,condagree,No,END QUESTIONNAIRE,7523
1,1716318203378,21/05/2024 19:03:23,1716318200138,3,21/05/2024 22:03:20,142922,38,questionnaire-hkve,,37775632,BLIND,11128091,,complete,,,computer,Desktop or Laptop,Windows 10,Chrome 124.0.0.0,1536x864,1536x730,,,,consent to war.Q,6,ACpass,accepted,agreed,condagree,No,BEGIN QUESTIONNAIRE,
2,1716318208344,21/05/2024 19:03:28,1716318205045,3,21/05/2024 22:03:25,142922,38,questionnaire-hkve,,37775632,BLIND,11128091,,complete,,,computer,Desktop or Laptop,Windows 10,Chrome 124.0.0.0,1536x864,1536x730,,,,consent to war.Q,6,ACpass,accepted,agreed,condagree,No,agreement_war-1,אני מעוניין/ת להמשיך בניסוי
3,1716318208654,21/05/2024 19:03:28,1716318205045,3,21/05/2024 22:03:25,142922,38,questionnaire-hkve,,37775632,BLIND,11128091,,complete,,,computer,Desktop or Laptop,Windows 10,Chrome 124.0.0.0,1536x864,1536x730,,,,consent to war.Q,6,ACpass,accepted,agreed,condagree,No,END QUESTIONNAIRE,4907
1,1716319117246,21/05/2024 19:18:37,1716322715803,3,21/05/2024 23:18:35,142922,38,questionnaire-hkve,,37775906,BLIND,11128148,,complete,,,computer,Desktop or Laptop,Windows 10,Chrome 109.0.0.0,1920x1080,1920x937,,,,consent to war.Q,6,ACpass,accepted,agreed,condagree,No,BEGIN QUESTIONNAIRE,
2,1716319127106,21/05/2024 19:18:47,1716322725731,3,21/05/2024 23:18:45,142922,38,questionnaire-hkve,,37775906,BLIND,11128148,,complete,,,computer,Desktop or Laptop,Windows 10,Chrome 109.0.0.0,1920x1080,1920x937,,,,consent to war.Q,6,ACpass,accepted,agreed,condagree,No,agreement_war-1,אני מעוניין/ת להמשיך בניסוי
3,1716319127243,21/05/2024 19:18:47,1716322725734,3,21/05/2024 23:18:45,142922,38,questionnaire-hkve,,37775906,BLIND,11128148,,complete,,,computer,Desktop or Laptop,Windows 10,Chrome 109.0.0.0,1920x1080,1920x937,,,,consent to war.Q,6,ACpass,accepted,agreed,condagree,No,END QUESTIONNAIRE,9931
1,1716319196784,21/05/2024 19:19:56,1716319197246,3,21/05/2024 22:19:57,142922,38,questionnaire-hkve,,37775935,BLIND,11128149,,complete,,,computer,Desktop or Laptop,Windows 10,Firefox 126.0,1920x1080,1920x927,,,,consent to war.Q,6,ACpass,accepted,agreed,condagree,No,BEGIN QUESTIONNAIRE,
2,1716319206432,21/05/2024 19:20:06,1716319206958,3,21/05/2024 22:20:06,142922,38,questionnaire-hkve,,37775935,BLIND,11128149,,complete,,,computer,Desktop or Laptop,Windows 10,Firefox 126.0,1920x1080,1920x927,,,,consent to war.Q,6,ACpass,accepted,agreed,condagree,No,agreement_war-1,אני מעוניין/ת להמשיך בניסוי
3,1716319206546,21/05/2024 19:20:06,1716319206959,3,21/05/2024 22:20:06,142922,38,questionnaire-hkve,,37775935,BLIND,11128149,,complete,,,computer,Desktop or Laptop,Windows 10,Firefox 126.0,1920x1080,1920x927,,,,consent to war.Q,6,ACpass,accepted,agreed,condagree,No,END QUESTIONNAIRE,9713
1,1716319241137,21/05/2024 19:20:41,1716319240485,3,21/05/2024 22:20:40,142922,38,questionnaire-hkve,,37775944,BLIND,11128136,,complete,,,computer,Desktop or Laptop,Windows 10,Chrome 125.0.0.0,1536x864,1536x730,,,,consent to war.Q,6,ACpass,accepted,agreed,condagree,No,BEGIN QUESTIONNAIRE,
2,1716319299497,21/05/2024 19:21:39,1716319298897,3,21/05/2024 22:21:38,142922,38,questionnaire-hkve,,37775944,BLIND,11128136,,complete,,,computer,Desktop or Laptop,Windows 10,Chrome 125.0.0.0,1536x864,1536x730,,,,consent to war.Q,6,ACpass,accepted,agreed,condagree,No,agreement_war-1,אני מעוניין/ת להמשיך בניסוי
3,1716319299625,21/05/2024 19:21:39,1716319298899,3,21/05/2024 22:21:38,142922,38,questionnaire-hkve,,37775944,BLIND,11128136,,complete,,,computer,Desktop or Laptop,Windows 10,Chrome 125.0.0.0,1536x864,1536x730,,,,consent to war.Q,6,ACpass,accepted,agreed,condagree,No,END QUESTIONNAIRE,58414
1,1716319659462,21/05/2024 19:27:39,1716319659349,3,21/05/2024 22:27:39,142922,38,questionnaire-hkve,,37776054,BLIND,11128193,,complete,,,computer,Desktop or Laptop,Windows 10,Chrome 125.0.0.0,1920x1080,1920x911,,,,consent to war.Q,6,ACpass,accepted,agreed,condagree,No,BEGIN QUESTIONNAIRE,
2,1716319666289,21/05/2024 19:27:46,1716319666213,3,21/05/2024 22:27:46,142922,38,questionnaire-hkve,,37776054,BLIND,11128193,,complete,,,computer,Desktop or Laptop,Windows 10,Chrome 125.0.0.0,1920x1080,1920x911,,,,consent to war.Q,6,ACpass,accepted,agreed,condagree,No,agreement_war-1,אני מעוניין/ת להמשיך בניסוי
3,1716319666397,21/05/2024 19:27:46,1716319666214,3,21/05/2024 22:27:46,142922,38,questionnaire-hkve,,37776054,BLIND,11128193,,complete,,,computer,Desktop or Laptop,Windows 10,Chrome 125.0.0.0,1920x1080,1920x911,,,,consent to war.Q,6,ACpass,accepted,agreed,condagree,No,END QUESTIONNAIRE,6865
END OF FILE
